Ürün Adı,Fiyat,Puan,Değerlendirme Sayısı,Ürün Linki
"Moto G Play | 2024 | Unlocked | Made for US 4/64GB | 50MP Camera | Sapphire Blue,Belirtilmemiş,4.0,""1,579"",https://www.amazon.com/Moto-Play-Unlocked-Camera-Sapphire/dp/B0CP6DDN1H/ref=sr_1_1?dib=eyJ2IjoiMSJ9.tFk_6KnkY5RqfPGwptCwCrtTdPL4hgqoKrlJaWInX37jhUL7ehuWsaOj_69pTDrUr_ZwhxRukNUTRUw9kmHRrahAZnD30BFy9d6qP-RI8mXLQrHBzMzVhYmjaPH9pBNqGMxX7OGygJz_ZndJQ-Y8eb9xgpENN-5-bizvsw-s4skYB-zLDv_YIB6ty5oWnibTBsKBM4vUqRE4xboMmS3QDdgdgJwsZkLM44oNqPTweis.BauPHHuNDepeGIVeWEU4o8eQ0V0-_khmPxnUDDpznJw&dib_tag=se&keywords=phones&qid=1733429453&sr=8-1"
T-4 Full-Featured Trimline Telephone w/Ring/in-Use Light Indicator - Corded Wall Phone w/Full Range Volume Control, Hearing Aid Compatible, Ideal for Hotel, Business & Landline Use- Black,32.,4.2,264,https://www.amazon.com/sspa/click?ie=UTF8&spc=MToxNTU5OTU1MTY2NzY4MTI4OjE3MzM0Mjk0NTM6c3BfYXRmOjMwMDUwNzUzNDYzMjYwMjo6MDo6&url=%2Fmedpat-TR4-telephone-landline-phones%2Fdp%2FB0CQKGQ13J%2Fref%3Dsr_1_2_sspa%3Fdib%3DeyJ2IjoiMSJ9.tFk_6KnkY5RqfPGwptCwCrtTdPL4hgqoKrlJaWInX37jhUL7ehuWsaOj_69pTDrUr_ZwhxRukNUTRUw9kmHRrahAZnD30BFy9d6qP-RI8mXLQrHBzMzVhYmjaPH9pBNqGMxX7OGygJz_ZndJQ-Y8eb9xgpENN-5-bizvsw-s4skYB-zLDv_YIB6ty5oWnibTBsKBM4vUqRE4xboMmS3QDdgdgJwsZkLM44oNqPTweis.BauPHHuNDepeGIVeWEU4o8eQ0V0-_khmPxnUDDpznJw%26dib_tag%3Dse%26keywords%3Dphones%26qid%3D1733429453%26sr%3D8-2-spons%26sp_csd%3Dd2lkZ2V0TmFtZT1zcF9hdGY%26psc%3D1
SAMSUNG Galaxy A35 5G A Series Cell Phone, 128GB Unlocked Android Smartphone, AMOLED Display, Advanced Triple Camera System, Expandable Storage, Rugged Design, US Version, 2024, Awesome Navy,Belirtilmemiş,4.4,489,https://www.amazon.com/SAMSUNG-A35-Unlocked-Smartphone-Expandable/dp/B0CV4NQYFP/ref=sr_1_3?dib=eyJ2IjoiMSJ9.tFk_6KnkY5RqfPGwptCwCrtTdPL4hgqoKrlJaWInX37jhUL7ehuWsaOj_69pTDrUr_ZwhxRukNUTRUw9kmHRrahAZnD30BFy9d6qP-RI8mXLQrHBzMzVhYmjaPH9pBNqGMxX7OGygJz_ZndJQ-Y8eb9xgpENN-5-bizvsw-s4skYB-zLDv_YIB6ty5oWnibTBsKBM4vUqRE4xboMmS3QDdgdgJwsZkLM44oNqPTweis.BauPHHuNDepeGIVeWEU4o8eQ0V0-_khmPxnUDDpznJw&dib_tag=se&keywords=phones&qid=1733429453&sr=8-3
Samsung Galaxy S24 Ultra Cell Phone, 256GB AI Smartphone, Unlocked Android, 200MP, 100x Zoom Cameras, Fast Processor, Long Battery Life, Edge-to-Edge Display, S Pen, US Version, 2024, Titanium Gray,Belirtilmemiş,4.5,Products highlighted as 'Overall Pick' are:,https://www.amazon.com/SAMSUNG-Smartphone-Unlocked-Android-Titanium/dp/B0CMDL3H3P/ref=sr_1_4?dib=eyJ2IjoiMSJ9.tFk_6KnkY5RqfPGwptCwCrtTdPL4hgqoKrlJaWInX37jhUL7ehuWsaOj_69pTDrUr_ZwhxRukNUTRUw9kmHRrahAZnD30BFy9d6qP-RI8mXLQrHBzMzVhYmjaPH9pBNqGMxX7OGygJz_ZndJQ-Y8eb9xgpENN-5-bizvsw-s4skYB-zLDv_YIB6ty5oWnibTBsKBM4vUqRE4xboMmS3QDdgdgJwsZkLM44oNqPTweis.BauPHHuNDepeGIVeWEU4o8eQ0V0-_khmPxnUDDpznJw&dib_tag=se&keywords=phones&qid=1733429453&sr=8-4
"Moto G Power 5G | 2024 | Unlocked | Made for US 8/128GB | 50MP Camera | Midnight Blue,Belirtilmemiş,4.1,""1,069"",https://www.amazon.com/Power-Unlocked-128GB-Camera-Midnight/dp/B0CT6BQV81/ref=sr_1_5?dib=eyJ2IjoiMSJ9.tFk_6KnkY5RqfPGwptCwCrtTdPL4hgqoKrlJaWInX37jhUL7ehuWsaOj_69pTDrUr_ZwhxRukNUTRUw9kmHRrahAZnD30BFy9d6qP-RI8mXLQrHBzMzVhYmjaPH9pBNqGMxX7OGygJz_ZndJQ-Y8eb9xgpENN-5-bizvsw-s4skYB-zLDv_YIB6ty5oWnibTBsKBM4vUqRE4xboMmS3QDdgdgJwsZkLM44oNqPTweis.BauPHHuNDepeGIVeWEU4o8eQ0V0-_khmPxnUDDpznJw&dib_tag=se&keywords=phones&qid=1733429453&sr=8-5"
Motorola razr | 2023 | Unlocked | Made for US 8/128 | 32MP Camera | Sage Green, 73.95 x 170.82 x 7.35mm,Belirtilmemiş,3.9,648,https://www.amazon.com/Motorola-Unlocked-Camera-170-82-7-35mm/dp/B0CGVXZSQJ/ref=sr_1_6?dib=eyJ2IjoiMSJ9.tFk_6KnkY5RqfPGwptCwCrtTdPL4hgqoKrlJaWInX37jhUL7ehuWsaOj_69pTDrUr_ZwhxRukNUTRUw9kmHRrahAZnD30BFy9d6qP-RI8mXLQrHBzMzVhYmjaPH9pBNqGMxX7OGygJz_ZndJQ-Y8eb9xgpENN-5-bizvsw-s4skYB-zLDv_YIB6ty5oWnibTBsKBM4vUqRE4xboMmS3QDdgdgJwsZkLM44oNqPTweis.BauPHHuNDepeGIVeWEU4o8eQ0V0-_khmPxnUDDpznJw&dib_tag=se&keywords=phones&qid=1733429453&sr=8-6
SAMSUNG Galaxy A15 5G A Series Cell Phone, 128GB Unlocked Android Smartphone, AMOLED Display, Expandable Storage, Knox Security, Super Fast Charging, US Version, 2024, Light Blue,Belirtilmemiş,4.0,916,https://www.amazon.com/SAMSUNG-Unlocked-Smartphone-Expandable-Security/dp/B0CNQCZHFS/ref=sr_1_7?dib=eyJ2IjoiMSJ9.tFk_6KnkY5RqfPGwptCwCrtTdPL4hgqoKrlJaWInX37jhUL7ehuWsaOj_69pTDrUr_ZwhxRukNUTRUw9kmHRrahAZnD30BFy9d6qP-RI8mXLQrHBzMzVhYmjaPH9pBNqGMxX7OGygJz_ZndJQ-Y8eb9xgpENN-5-bizvsw-s4skYB-zLDv_YIB6ty5oWnibTBsKBM4vUqRE4xboMmS3QDdgdgJwsZkLM44oNqPTweis.BauPHHuNDepeGIVeWEU4o8eQ0V0-_khmPxnUDDpznJw&dib_tag=se&keywords=phones&qid=1733429453&sr=8-7
"AT&T BL102-4 DECT 6.0 4-Handset Cordless Phone for Home with Answering Machine, Call Blocking, Caller ID Announcer, Audio Assist, Intercom, and Unsurpassed Range, Silver/Black,Belirtilmemiş,4.3,""27,784"",https://www.amazon.com/AT-BL102-4-4-Handset-Answering-Unsurpassed/dp/B086QC62JR/ref=sr_1_8?dib=eyJ2IjoiMSJ9.tFk_6KnkY5RqfPGwptCwCrtTdPL4hgqoKrlJaWInX37jhUL7ehuWsaOj_69pTDrUr_ZwhxRukNUTRUw9kmHRrahAZnD30BFy9d6qP-RI8mXLQrHBzMzVhYmjaPH9pBNqGMxX7OGygJz_ZndJQ-Y8eb9xgpENN-5-bizvsw-s4skYB-zLDv_YIB6ty5oWnibTBsKBM4vUqRE4xboMmS3QDdgdgJwsZkLM44oNqPTweis.BauPHHuNDepeGIVeWEU4o8eQ0V0-_khmPxnUDDpznJw&dib_tag=se&keywords=phones&qid=1733429453&sr=8-8"
"Google Pixel 8 - Unlocked Android Smartphone with Advanced Pixel Camera, 24-Hour Battery, and Powerful Security - Obsidian - 128 GB,Belirtilmemiş,4.3,""2,696"",https://www.amazon.com/Google-Pixel-Unlocked-Smartphone-Advanced/dp/B0CGTD5KVT/ref=sr_1_9?dib=eyJ2IjoiMSJ9.tFk_6KnkY5RqfPGwptCwCrtTdPL4hgqoKrlJaWInX37jhUL7ehuWsaOj_69pTDrUr_ZwhxRukNUTRUw9kmHRrahAZnD30BFy9d6qP-RI8mXLQrHBzMzVhYmjaPH9pBNqGMxX7OGygJz_ZndJQ-Y8eb9xgpENN-5-bizvsw-s4skYB-zLDv_YIB6ty5oWnibTBsKBM4vUqRE4xboMmS3QDdgdgJwsZkLM44oNqPTweis.BauPHHuNDepeGIVeWEU4o8eQ0V0-_khmPxnUDDpznJw&dib_tag=se&keywords=phones&qid=1733429453&sr=8-9"
"Panasonic Cordless Phone with Answering Machine, Advanced Call Block, Bilingual Caller ID and Easy to Read High-Contrast Display, Expandable System with 2 Handsets - KX-TGD832M (Metallic Black),Belirtilmemiş,4.3,""4,454"",https://www.amazon.com/Panasonic-Answering-Bilingual-High-Contrast-Expandable/dp/B0BZG14KFJ/ref=sr_1_10?dib=eyJ2IjoiMSJ9.tFk_6KnkY5RqfPGwptCwCrtTdPL4hgqoKrlJaWInX37jhUL7ehuWsaOj_69pTDrUr_ZwhxRukNUTRUw9kmHRrahAZnD30BFy9d6qP-RI8mXLQrHBzMzVhYmjaPH9pBNqGMxX7OGygJz_ZndJQ-Y8eb9xgpENN-5-bizvsw-s4skYB-zLDv_YIB6ty5oWnibTBsKBM4vUqRE4xboMmS3QDdgdgJwsZkLM44oNqPTweis.BauPHHuNDepeGIVeWEU4o8eQ0V0-_khmPxnUDDpznJw&dib_tag=se&keywords=phones&qid=1733429453&sr=8-10"
"Motorola Moto G Pure | 2021 | 2-Day battery | Unlocked | Made for US by Motorola | 3/32GB | 13MP Camera | Deep Indigo,Belirtilmemiş,4.1,""2,153"",https://www.amazon.com/battery-Unlocked-Motorola-Camera-Indigo/dp/B09BTB5MKT/ref=sr_1_11?dib=eyJ2IjoiMSJ9.tFk_6KnkY5RqfPGwptCwCrtTdPL4hgqoKrlJaWInX37jhUL7ehuWsaOj_69pTDrUr_ZwhxRukNUTRUw9kmHRrahAZnD30BFy9d6qP-RI8mXLQrHBzMzVhYmjaPH9pBNqGMxX7OGygJz_ZndJQ-Y8eb9xgpENN-5-bizvsw-s4skYB-zLDv_YIB6ty5oWnibTBsKBM4vUqRE4xboMmS3QDdgdgJwsZkLM44oNqPTweis.BauPHHuNDepeGIVeWEU4o8eQ0V0-_khmPxnUDDpznJw&dib_tag=se&keywords=phones&qid=1733429453&sr=8-11"
"Panasonic Cordless Phone with Advanced Call Block, Link2Cell Bluetooth, One-Ring Scam Alert, and 2-Way Recording with Answering Machine, 5 Handsets - KX-TGF975B (Black with Silver Trim),Belirtilmemiş,4.3,""1,532"",https://www.amazon.com/Panasonic-Link2Cell-Bluetooth-Recording-Answering/dp/B0BTFHM2GZ/ref=sr_1_12?dib=eyJ2IjoiMSJ9.tFk_6KnkY5RqfPGwptCwCrtTdPL4hgqoKrlJaWInX37jhUL7ehuWsaOj_69pTDrUr_ZwhxRukNUTRUw9kmHRrahAZnD30BFy9d6qP-RI8mXLQrHBzMzVhYmjaPH9pBNqGMxX7OGygJz_ZndJQ-Y8eb9xgpENN-5-bizvsw-s4skYB-zLDv_YIB6ty5oWnibTBsKBM4vUqRE4xboMmS3QDdgdgJwsZkLM44oNqPTweis.BauPHHuNDepeGIVeWEU4o8eQ0V0-_khmPxnUDDpznJw&dib_tag=se&keywords=phones&qid=1733429453&sr=8-12"
Motorola Moto G Stylus 5G | 2023 | Unlocked | Made for US 6/256GB | 50 MPCamera | Cosmic Black, 162.83x73.77x9.29,Belirtilmemiş,4.2,655,https://www.amazon.com/Motorola-Stylus-Unlocked-MPCamera-Cosmic/dp/B0C2S6TKTL/ref=sr_1_13?dib=eyJ2IjoiMSJ9.tFk_6KnkY5RqfPGwptCwCrtTdPL4hgqoKrlJaWInX37jhUL7ehuWsaOj_69pTDrUr_ZwhxRukNUTRUw9kmHRrahAZnD30BFy9d6qP-RI8mXLQrHBzMzVhYmjaPH9pBNqGMxX7OGygJz_ZndJQ-Y8eb9xgpENN-5-bizvsw-s4skYB-zLDv_YIB6ty5oWnibTBsKBM4vUqRE4xboMmS3QDdgdgJwsZkLM44oNqPTweis.BauPHHuNDepeGIVeWEU4o8eQ0V0-_khmPxnUDDpznJw&dib_tag=se&keywords=phones&qid=1733429453&sr=8-13
OnePlus 12,12GB RAM+256GB,Dual-SIM,Unlocked Android Smartphone,Supports Fastest 50W Wireless Charging,with The Latest Mobile Processor,Advanced Hasselblad Camera,5400 mAh Battery,2024,Silky Black,Belirtilmemiş,4.5,637,https://www.amazon.com/OnePlus-Dual-SIM-Smartphone-Processor-Hasselblad/dp/B0CQ5MYYZL/ref=sr_1_14?dib=eyJ2IjoiMSJ9.tFk_6KnkY5RqfPGwptCwCrtTdPL4hgqoKrlJaWInX37jhUL7ehuWsaOj_69pTDrUr_ZwhxRukNUTRUw9kmHRrahAZnD30BFy9d6qP-RI8mXLQrHBzMzVhYmjaPH9pBNqGMxX7OGygJz_ZndJQ-Y8eb9xgpENN-5-bizvsw-s4skYB-zLDv_YIB6ty5oWnibTBsKBM4vUqRE4xboMmS3QDdgdgJwsZkLM44oNqPTweis.BauPHHuNDepeGIVeWEU4o8eQ0V0-_khmPxnUDDpznJw&dib_tag=se&keywords=phones&qid=1733429453&sr=8-14
"Panasonic DECT 6.0 Expandable Cordless Phone System with Answering Machine and Call Blocking - 3 Handsets - KX-TGE433B (Black),Belirtilmemiş,4.4,""10,163"",https://www.amazon.com/PANASONIC-Expandable-Cordless-Answering-Blocking/dp/B01HXMJ14S/ref=sr_1_15?dib=eyJ2IjoiMSJ9.tFk_6KnkY5RqfPGwptCwCrtTdPL4hgqoKrlJaWInX37jhUL7ehuWsaOj_69pTDrUr_ZwhxRukNUTRUw9kmHRrahAZnD30BFy9d6qP-RI8mXLQrHBzMzVhYmjaPH9pBNqGMxX7OGygJz_ZndJQ-Y8eb9xgpENN-5-bizvsw-s4skYB-zLDv_YIB6ty5oWnibTBsKBM4vUqRE4xboMmS3QDdgdgJwsZkLM44oNqPTweis.BauPHHuNDepeGIVeWEU4o8eQ0V0-_khmPxnUDDpznJw&dib_tag=se&keywords=phones&qid=1733429453&sr=8-15"
"Google Pixel 7 Pro - 5G Android Phone - Unlocked Smartphone with Telephoto/Wide Angle Lens, and 24-Hour Battery - 128GB - Hazel,Belirtilmemiş,4.2,""2,931"",https://www.amazon.com/Google-Pixel-Pro-Smartphone-Telephoto/dp/B0BCQXCFNT/ref=sr_1_16?dib=eyJ2IjoiMSJ9.tFk_6KnkY5RqfPGwptCwCrtTdPL4hgqoKrlJaWInX37jhUL7ehuWsaOj_69pTDrUr_ZwhxRukNUTRUw9kmHRrahAZnD30BFy9d6qP-RI8mXLQrHBzMzVhYmjaPH9pBNqGMxX7OGygJz_ZndJQ-Y8eb9xgpENN-5-bizvsw-s4skYB-zLDv_YIB6ty5oWnibTBsKBM4vUqRE4xboMmS3QDdgdgJwsZkLM44oNqPTweis.BauPHHuNDepeGIVeWEU4o8eQ0V0-_khmPxnUDDpznJw&dib_tag=se&keywords=phones&qid=1733429453&sr=8-16"
"Motorola Edge | 2023 | Unlocked | Made for US 8/256GB | 50MP Camera | Eclipse Black,Belirtilmemiş,4.1,""1,303"",https://www.amazon.com/Motorola-Unlocked-256GB-Camera-Eclipse/dp/B0C9RX9F94/ref=sr_1_17?dib=eyJ2IjoiMSJ9.tFk_6KnkY5RqfPGwptCwCrtTdPL4hgqoKrlJaWInX37jhUL7ehuWsaOj_69pTDrUr_ZwhxRukNUTRUw9kmHRrahAZnD30BFy9d6qP-RI8mXLQrHBzMzVhYmjaPH9pBNqGMxX7OGygJz_ZndJQ-Y8eb9xgpENN-5-bizvsw-s4skYB-zLDv_YIB6ty5oWnibTBsKBM4vUqRE4xboMmS3QDdgdgJwsZkLM44oNqPTweis.BauPHHuNDepeGIVeWEU4o8eQ0V0-_khmPxnUDDpznJw&dib_tag=se&keywords=phones&qid=1733429453&sr=8-17"
Ruky for iPhone 15 Pro Max Case with Stand and Privacy Screen Protector, [with Detachable Buttons] Compatible with MagSafe, Translucent Matte Magnetic Phone Case for iPhone 15 Pro Max 6.7”, Black,15.,Belirtilmemiş,$15.99$15.99,https://www.amazon.com/sspa/click?ie=UTF8&spc=MToxNTU5OTU1MTY2NzY4MTI4OjE3MzM0Mjk0NTM6c3BfYnRmOjMwMDU3Mzk4Mjk1MDkwMjo6MDo6&url=%2FRuky-Protector-Detachable-Compatible-Translucent%2Fdp%2FB0DK3FCMPC%2Fref%3Dsr_1_18_sspa%3Fdib%3DeyJ2IjoiMSJ9.tFk_6KnkY5RqfPGwptCwCrtTdPL4hgqoKrlJaWInX37jhUL7ehuWsaOj_69pTDrUr_ZwhxRukNUTRUw9kmHRrahAZnD30BFy9d6qP-RI8mXLQrHBzMzVhYmjaPH9pBNqGMxX7OGygJz_ZndJQ-Y8eb9xgpENN-5-bizvsw-s4skYB-zLDv_YIB6ty5oWnibTBsKBM4vUqRE4xboMmS3QDdgdgJwsZkLM44oNqPTweis.BauPHHuNDepeGIVeWEU4o8eQ0V0-_khmPxnUDDpznJw%26dib_tag%3Dse%26keywords%3Dphones%26qid%3D1733429453%26sr%3D8-18-spons%26sp_csd%3Dd2lkZ2V0TmFtZT1zcF9idGY%26psc%3D1
Durcord USB C to USB C Cable, 2Pack 100W 10ft USB C Charger Cable Fast Charging for Android/Phone/Pad, Type C to Type C Charger Braided USB Cable Compatible with iPhone 16/15 Pro Plus Max Silver,13.,4.5,834,https://www.amazon.com/sspa/click?ie=UTF8&spc=MToxNTU5OTU1MTY2NzY4MTI4OjE3MzM0Mjk0NTM6c3BfYnRmOjMwMDA4OTU2MDE5MDIwMjo6MDo6&url=%2FDurcord-Charger-Charging-Android-Compatible%2Fdp%2FB0CKZ7V21Y%2Fref%3Dsr_1_19_sspa%3Fdib%3DeyJ2IjoiMSJ9.tFk_6KnkY5RqfPGwptCwCrtTdPL4hgqoKrlJaWInX37jhUL7ehuWsaOj_69pTDrUr_ZwhxRukNUTRUw9kmHRrahAZnD30BFy9d6qP-RI8mXLQrHBzMzVhYmjaPH9pBNqGMxX7OGygJz_ZndJQ-Y8eb9xgpENN-5-bizvsw-s4skYB-zLDv_YIB6ty5oWnibTBsKBM4vUqRE4xboMmS3QDdgdgJwsZkLM44oNqPTweis.BauPHHuNDepeGIVeWEU4o8eQ0V0-_khmPxnUDDpznJw%26dib_tag%3Dse%26keywords%3Dphones%26qid%3D1733429453%26sr%3D8-19-spons%26sp_csd%3Dd2lkZ2V0TmFtZT1zcF9idGY%26psc%3D1
Selfie Light for Phone，68 LED Phone Light with Front and Back Clips, Rechargeable Selfie Light Clip, Adjusted 3 Light Modes &10-Level Brightness for Phone, IPad, Laptop, for TikTok, Makeup,Selfie,Vlog,14.,4.7,21,https://www.amazon.com/sspa/click?ie=UTF8&spc=MToxNTU5OTU1MTY2NzY4MTI4OjE3MzM0Mjk0NTM6c3BfYnRmOjMwMDU0OTc5OTg2NjIwMjo6MDo6&url=%2FPhone%25EF%25BC%258C68-Rechargeable-Adjusted-10-Level-Brightness%2Fdp%2FB0DDCDXF4Q%2Fref%3Dsr_1_20_sspa%3Fdib%3DeyJ2IjoiMSJ9.tFk_6KnkY5RqfPGwptCwCrtTdPL4hgqoKrlJaWInX37jhUL7ehuWsaOj_69pTDrUr_ZwhxRukNUTRUw9kmHRrahAZnD30BFy9d6qP-RI8mXLQrHBzMzVhYmjaPH9pBNqGMxX7OGygJz_ZndJQ-Y8eb9xgpENN-5-bizvsw-s4skYB-zLDv_YIB6ty5oWnibTBsKBM4vUqRE4xboMmS3QDdgdgJwsZkLM44oNqPTweis.BauPHHuNDepeGIVeWEU4o8eQ0V0-_khmPxnUDDpznJw%26dib_tag%3Dse%26keywords%3Dphones%26qid%3D1733429453%26sr%3D8-20-spons%26sp_csd%3Dd2lkZ2V0TmFtZT1zcF9idGY%26psc%3D1
Wireless Earbuds Bluetooth 5.3 Headphones, Ear Buds with Deep Bass, 40H Long Playtime, Power Display, IPX7 Waterproof in Ear Earphone with Mic for Phone Tablet Sports Workout, Black,21.,4.8,395,https://www.amazon.com/sspa/click?ie=UTF8&spc=MTo3MTk4MjU0NDc2MDQ1Nzc0OjE3MzM0Mjk0NTU6c3BfYXRmX25leHQ6MzAwNTIwNzAzMjM3NjAyOjowOjo&url=%2FHUIFU-Wireless-Bluetooth-Headphones-Waterproof%2Fdp%2FB0DGPVMTW3%2Fref%3Dsr_1_17_sspa%3Fdib%3DeyJ2IjoiMSJ9.ir0sUeapQkYDKQNdorSx4tU2-hBEVm6OLJJmgBXO0IKXsW9lp5z4Ff8VbFhO1t9Ep3iuCFSyudrV0n1AcUGFDBnvwEMTSR_iM1tfx4TyZChfpo5lO9C5f16eTxZIDQAqoHHAe5ckgE-ebf3QKGEaU585RdO5tnHkK_qzxOkSeVN_hpWO5DbUAQ_Alm4_gqSGA8Ii2s0_iypEysftdcEjqAjbX60mSZ_g4AqK52xJTpo._lV0_KW49vV6lDkXOfKq1V76J8hxtKis5X-sL-yoTW0%26dib_tag%3Dse%26keywords%3Dphones%26qid%3D1733429455%26sr%3D8-17-spons%26sp_csd%3Dd2lkZ2V0TmFtZT1zcF9hdGZfbmV4dA%26psc%3D1
USB C Headphones Earbuds 3 Pack - USB C Earphones Noise Isolating, in-Ear Type C Ear Buds Wired with Microphone Heavy Bass Compatible with Phones, Android and All TypeC Jack,15.,4.7,59,https://www.amazon.com/sspa/click?ie=UTF8&spc=MTo3MTk4MjU0NDc2MDQ1Nzc0OjE3MzM0Mjk0NTU6c3BfYXRmX25leHQ6MzAwNTIzMDkwNDk2MDAyOjowOjo&url=%2FUSB-Headphones-Earbuds-Pack-Ear%2Fdp%2FB0DFGVBVKY%2Fref%3Dsr_1_18_sspa%3Fdib%3DeyJ2IjoiMSJ9.ir0sUeapQkYDKQNdorSx4tU2-hBEVm6OLJJmgBXO0IKXsW9lp5z4Ff8VbFhO1t9Ep3iuCFSyudrV0n1AcUGFDBnvwEMTSR_iM1tfx4TyZChfpo5lO9C5f16eTxZIDQAqoHHAe5ckgE-ebf3QKGEaU585RdO5tnHkK_qzxOkSeVN_hpWO5DbUAQ_Alm4_gqSGA8Ii2s0_iypEysftdcEjqAjbX60mSZ_g4AqK52xJTpo._lV0_KW49vV6lDkXOfKq1V76J8hxtKis5X-sL-yoTW0%26dib_tag%3Dse%26keywords%3Dphones%26qid%3D1733429455%26sr%3D8-18-spons%26sp_csd%3Dd2lkZ2V0TmFtZT1zcF9hdGZfbmV4dA%26psc%3D1
"VTech CS6529-4B 4-Handset DECT 6.0 Cordless Phone with Answering System and Caller ID, Expandable up to 5 Handsets, Wall-Mountable, Blue/Green/Red/Silver,Belirtilmemiş,4.3,""64,122"",https://www.amazon.com/VTech-CS6529-4B-4-Handset-Expandable-Wall-Mountable/dp/B01A9KBCQG/ref=sr_1_19?dib=eyJ2IjoiMSJ9.ir0sUeapQkYDKQNdorSx4tU2-hBEVm6OLJJmgBXO0IKXsW9lp5z4Ff8VbFhO1t9Ep3iuCFSyudrV0n1AcUGFDBnvwEMTSR_iM1tfx4TyZChfpo5lO9C5f16eTxZIDQAqoHHAe5ckgE-ebf3QKGEaU585RdO5tnHkK_qzxOkSeVN_hpWO5DbUAQ_Alm4_gqSGA8Ii2s0_iypEysftdcEjqAjbX60mSZ_g4AqK52xJTpo._lV0_KW49vV6lDkXOfKq1V76J8hxtKis5X-sL-yoTW0&dib_tag=se&keywords=phones&qid=1733429455&sr=8-19"
"Panasonic DECT 6.0 Expandable Cordless Phone System with Answering Machine and Call Blocking - 3 Handsets - KX-TGE433B (Black),Belirtilmemiş,4.4,""10,163"",https://www.amazon.com/PANASONIC-Expandable-Cordless-Answering-Blocking/dp/B01HXMJ14S/ref=sr_1_20?dib=eyJ2IjoiMSJ9.ir0sUeapQkYDKQNdorSx4tU2-hBEVm6OLJJmgBXO0IKXsW9lp5z4Ff8VbFhO1t9Ep3iuCFSyudrV0n1AcUGFDBnvwEMTSR_iM1tfx4TyZChfpo5lO9C5f16eTxZIDQAqoHHAe5ckgE-ebf3QKGEaU585RdO5tnHkK_qzxOkSeVN_hpWO5DbUAQ_Alm4_gqSGA8Ii2s0_iypEysftdcEjqAjbX60mSZ_g4AqK52xJTpo._lV0_KW49vV6lDkXOfKq1V76J8hxtKis5X-sL-yoTW0&dib_tag=se&keywords=phones&qid=1733429455&sr=8-20"
"Nokia 2780 Flip | Unlocked | KaiOS | Verizon, AT&T, T-Mobile | Blue,Belirtilmemiş,3.7,""1,313"",https://www.amazon.com/Nokia-2780-Unlocked-Verizon-T-Mobile/dp/B0BLD393H7/ref=sr_1_21?dib=eyJ2IjoiMSJ9.ir0sUeapQkYDKQNdorSx4tU2-hBEVm6OLJJmgBXO0IKXsW9lp5z4Ff8VbFhO1t9Ep3iuCFSyudrV0n1AcUGFDBnvwEMTSR_iM1tfx4TyZChfpo5lO9C5f16eTxZIDQAqoHHAe5ckgE-ebf3QKGEaU585RdO5tnHkK_qzxOkSeVN_hpWO5DbUAQ_Alm4_gqSGA8Ii2s0_iypEysftdcEjqAjbX60mSZ_g4AqK52xJTpo._lV0_KW49vV6lDkXOfKq1V76J8hxtKis5X-sL-yoTW0&dib_tag=se&keywords=phones&qid=1733429455&sr=8-21"
Panasonic Cordless Phone with Advanced Call Block, Bilingual Caller ID and Easy to Read Large High-Contrast Display, Expandable System with 1 Handset - KX-TGD810B (Black),34.,4.2,958,https://www.amazon.com/Panasonic-Cordless-Bilingual-High-Contrast-Expandable/dp/B0BZK2FCJ8/ref=sr_1_22?dib=eyJ2IjoiMSJ9.ir0sUeapQkYDKQNdorSx4tU2-hBEVm6OLJJmgBXO0IKXsW9lp5z4Ff8VbFhO1t9Ep3iuCFSyudrV0n1AcUGFDBnvwEMTSR_iM1tfx4TyZChfpo5lO9C5f16eTxZIDQAqoHHAe5ckgE-ebf3QKGEaU585RdO5tnHkK_qzxOkSeVN_hpWO5DbUAQ_Alm4_gqSGA8Ii2s0_iypEysftdcEjqAjbX60mSZ_g4AqK52xJTpo._lV0_KW49vV6lDkXOfKq1V76J8hxtKis5X-sL-yoTW0&dib_tag=se&keywords=phones&qid=1733429455&sr=8-22
"VTech IS8251-3 Business Grade 3-Handset Expandable Cordless Phone for Home Office, 5"" Color Display,Programmable Short Cut Keys, Smart Call Blocking,Answering System,Bluetooth Connect to Cell,IS8251-3,Belirtilmemiş,4.2,951,https://www.amazon.com/VTech-IS8251-3-3-Handset-Expandable-Programmable/dp/B09MHFBMZ1/ref=sr_1_23?dib=eyJ2IjoiMSJ9.ir0sUeapQkYDKQNdorSx4tU2-hBEVm6OLJJmgBXO0IKXsW9lp5z4Ff8VbFhO1t9Ep3iuCFSyudrV0n1AcUGFDBnvwEMTSR_iM1tfx4TyZChfpo5lO9C5f16eTxZIDQAqoHHAe5ckgE-ebf3QKGEaU585RdO5tnHkK_qzxOkSeVN_hpWO5DbUAQ_Alm4_gqSGA8Ii2s0_iypEysftdcEjqAjbX60mSZ_g4AqK52xJTpo._lV0_KW49vV6lDkXOfKq1V76J8hxtKis5X-sL-yoTW0&dib_tag=se&keywords=phones&qid=1733429455&sr=8-23"
"[New] VTech VG131-11 DECT 6.0 Cordless Phone - Bluetooth Connection, Blue-White Display, Big Buttons, Full Duplex, Caller ID, Easy Wall Mount, 1000ft Range (Black),18.,4.2,""41,024"",https://www.amazon.com/VTech-VG131-11-DECT-Cordless-Phone/dp/B0CTQDMHBH/ref=sr_1_24?dib=eyJ2IjoiMSJ9.ir0sUeapQkYDKQNdorSx4tU2-hBEVm6OLJJmgBXO0IKXsW9lp5z4Ff8VbFhO1t9Ep3iuCFSyudrV0n1AcUGFDBnvwEMTSR_iM1tfx4TyZChfpo5lO9C5f16eTxZIDQAqoHHAe5ckgE-ebf3QKGEaU585RdO5tnHkK_qzxOkSeVN_hpWO5DbUAQ_Alm4_gqSGA8Ii2s0_iypEysftdcEjqAjbX60mSZ_g4AqK52xJTpo._lV0_KW49vV6lDkXOfKq1V76J8hxtKis5X-sL-yoTW0&dib_tag=se&keywords=phones&qid=1733429455&sr=8-24"
"Panasonic Compact Cordless Phone with DECT 6.0, 1.6"" Amber LCD and Illuminated HS Keypad, Call Block, Caller ID, Multiple Display Languages - 1 Handset - KX-TGB810S (Black/Silver),24.,4.2,""5,819"",https://www.amazon.com/Panasonic-Cordless-Illuminated-Multiple-Languages/dp/B092NTYZ78/ref=sr_1_25?dib=eyJ2IjoiMSJ9.ir0sUeapQkYDKQNdorSx4tU2-hBEVm6OLJJmgBXO0IKXsW9lp5z4Ff8VbFhO1t9Ep3iuCFSyudrV0n1AcUGFDBnvwEMTSR_iM1tfx4TyZChfpo5lO9C5f16eTxZIDQAqoHHAe5ckgE-ebf3QKGEaU585RdO5tnHkK_qzxOkSeVN_hpWO5DbUAQ_Alm4_gqSGA8Ii2s0_iypEysftdcEjqAjbX60mSZ_g4AqK52xJTpo._lV0_KW49vV6lDkXOfKq1V76J8hxtKis5X-sL-yoTW0&dib_tag=se&keywords=phones&qid=1733429455&sr=8-25"
"Panasonic Expandable Cordless Phone System with Amber Backlit Display – 2 Handsets – KX-TGC352B (Black),Belirtilmemiş,4.3,""12,350"",https://www.amazon.com/PANASONIC-Expandable-Cordless-Backlit-Display/dp/B01KLNIT0S/ref=sr_1_26?dib=eyJ2IjoiMSJ9.ir0sUeapQkYDKQNdorSx4tU2-hBEVm6OLJJmgBXO0IKXsW9lp5z4Ff8VbFhO1t9Ep3iuCFSyudrV0n1AcUGFDBnvwEMTSR_iM1tfx4TyZChfpo5lO9C5f16eTxZIDQAqoHHAe5ckgE-ebf3QKGEaU585RdO5tnHkK_qzxOkSeVN_hpWO5DbUAQ_Alm4_gqSGA8Ii2s0_iypEysftdcEjqAjbX60mSZ_g4AqK52xJTpo._lV0_KW49vV6lDkXOfKq1V76J8hxtKis5X-sL-yoTW0&dib_tag=se&keywords=phones&qid=1733429455&sr=8-26"
Corded Phone for Home, Durable landline Phone with Large Buttons for Seniors, Versatile Mini Phone for The Home, Office, and More(White),13.,3.7,361,https://www.amazon.com/sspa/click?ie=UTF8&spc=MTo3MTk4MjU0NDc2MDQ1Nzc0OjE3MzM0Mjk0NTU6c3BfbXRmOjMwMDAxMzI4MjQ5MjAwMjo6MDo6&url=%2FDurable-landline-Buttons-Seniors-Versatile%2Fdp%2FB0C6STZMVJ%2Fref%3Dsr_1_27_sspa%3Fdib%3DeyJ2IjoiMSJ9.ir0sUeapQkYDKQNdorSx4tU2-hBEVm6OLJJmgBXO0IKXsW9lp5z4Ff8VbFhO1t9Ep3iuCFSyudrV0n1AcUGFDBnvwEMTSR_iM1tfx4TyZChfpo5lO9C5f16eTxZIDQAqoHHAe5ckgE-ebf3QKGEaU585RdO5tnHkK_qzxOkSeVN_hpWO5DbUAQ_Alm4_gqSGA8Ii2s0_iypEysftdcEjqAjbX60mSZ_g4AqK52xJTpo._lV0_KW49vV6lDkXOfKq1V76J8hxtKis5X-sL-yoTW0%26dib_tag%3Dse%26keywords%3Dphones%26qid%3D1733429455%26sr%3D8-27-spons%26sp_csd%3Dd2lkZ2V0TmFtZT1zcF9tdGY%26psc%3D1
"Future Call FC-8888 Big Button Phone for Seniors | Large Button Phones for Seniors | Phone for Visually Impaired and Telephones for Hearing Impaired | 40db Handset | Best Landline Phones for Seniors,29.,3.8,""2,863"",https://www.amazon.com/sspa/click?ie=UTF8&spc=MTo3MTk4MjU0NDc2MDQ1Nzc0OjE3MzM0Mjk0NTU6c3BfbXRmOjMwMDM0Mzc0NjQ0ODQwMjo6MDo6&url=%2FFuture-Call-FC-8888-Visually-Telephones%2Fdp%2FB09YMS6W7B%2Fref%3Dsr_1_28_sspa%3Fdib%3DeyJ2IjoiMSJ9.ir0sUeapQkYDKQNdorSx4tU2-hBEVm6OLJJmgBXO0IKXsW9lp5z4Ff8VbFhO1t9Ep3iuCFSyudrV0n1AcUGFDBnvwEMTSR_iM1tfx4TyZChfpo5lO9C5f16eTxZIDQAqoHHAe5ckgE-ebf3QKGEaU585RdO5tnHkK_qzxOkSeVN_hpWO5DbUAQ_Alm4_gqSGA8Ii2s0_iypEysftdcEjqAjbX60mSZ_g4AqK52xJTpo._lV0_KW49vV6lDkXOfKq1V76J8hxtKis5X-sL-yoTW0%26dib_tag%3Dse%26keywords%3Dphones%26qid%3D1733429455%26sr%3D8-28-spons%26sp_csd%3Dd2lkZ2V0TmFtZT1zcF9tdGY%26psc%3D1"
Nokia 6300 4G | Unlocked | International | WiFi Hotspot | Social Apps | Google Maps and Assistant | Light Charcoal,Belirtilmemiş,3.2,175,https://www.amazon.com/Nokia-Unlocked-Whatsapp-Hotspot-Assistant/dp/B08ZHV24FC/ref=sr_1_29?dib=eyJ2IjoiMSJ9.ir0sUeapQkYDKQNdorSx4tU2-hBEVm6OLJJmgBXO0IKXsW9lp5z4Ff8VbFhO1t9Ep3iuCFSyudrV0n1AcUGFDBnvwEMTSR_iM1tfx4TyZChfpo5lO9C5f16eTxZIDQAqoHHAe5ckgE-ebf3QKGEaU585RdO5tnHkK_qzxOkSeVN_hpWO5DbUAQ_Alm4_gqSGA8Ii2s0_iypEysftdcEjqAjbX60mSZ_g4AqK52xJTpo._lV0_KW49vV6lDkXOfKq1V76J8hxtKis5X-sL-yoTW0&dib_tag=se&keywords=phones&qid=1733429455&sr=8-29
"VTech LS6381-2 Bluetooth Speaker with Echo Cancellation, Noise Reduction, Music Streaming, PC/Landline/Cellular Calls, Paired with DECT6.0 Cordless Handset, Answering System, Smart Call Blocker,Black,36.,4.1,""1,988"",https://www.amazon.com/VTech-LS6381-2-Bluetooth-Cancellation-Reduction/dp/B0BYJJYLJ8/ref=sr_1_30?dib=eyJ2IjoiMSJ9.ir0sUeapQkYDKQNdorSx4tU2-hBEVm6OLJJmgBXO0IKXsW9lp5z4Ff8VbFhO1t9Ep3iuCFSyudrV0n1AcUGFDBnvwEMTSR_iM1tfx4TyZChfpo5lO9C5f16eTxZIDQAqoHHAe5ckgE-ebf3QKGEaU585RdO5tnHkK_qzxOkSeVN_hpWO5DbUAQ_Alm4_gqSGA8Ii2s0_iypEysftdcEjqAjbX60mSZ_g4AqK52xJTpo._lV0_KW49vV6lDkXOfKq1V76J8hxtKis5X-sL-yoTW0&dib_tag=se&keywords=phones&qid=1733429455&sr=8-30"
Kids Smart Phone for Girls Gifts - Toddler Christmas Birthday Gift for Age 3 4 5 6 Year Old, Kids Cell Phone Toy with Touchscreen, Dual Cameras, Learning, Music Player, Games with 32 GB Card,36.,4.5,318,https://www.amazon.com/Kids-Smart-Phone-Girls-Gifts/dp/B0DC4C6SKP/ref=sr_1_31?dib=eyJ2IjoiMSJ9.ir0sUeapQkYDKQNdorSx4tU2-hBEVm6OLJJmgBXO0IKXsW9lp5z4Ff8VbFhO1t9Ep3iuCFSyudrV0n1AcUGFDBnvwEMTSR_iM1tfx4TyZChfpo5lO9C5f16eTxZIDQAqoHHAe5ckgE-ebf3QKGEaU585RdO5tnHkK_qzxOkSeVN_hpWO5DbUAQ_Alm4_gqSGA8Ii2s0_iypEysftdcEjqAjbX60mSZ_g4AqK52xJTpo._lV0_KW49vV6lDkXOfKq1V76J8hxtKis5X-sL-yoTW0&dib_tag=se&keywords=phones&qid=1733429455&sr=8-31
"Qifutan Car Phone Holder Mount Phone Mount for Car Windshield Dashboard Air Vent Universal Hands Free Automobile Cell Phone Holder Fit for iPhone Smartphone Carbon Fiber,12.,4.3,""17,985"",https://www.amazon.com/Qifutan-Windshield-Dashboard-Automobile-Smartphone/dp/B0CHS69JW3/ref=sr_1_32?dib=eyJ2IjoiMSJ9.ir0sUeapQkYDKQNdorSx4tU2-hBEVm6OLJJmgBXO0IKXsW9lp5z4Ff8VbFhO1t9Ep3iuCFSyudrV0n1AcUGFDBnvwEMTSR_iM1tfx4TyZChfpo5lO9C5f16eTxZIDQAqoHHAe5ckgE-ebf3QKGEaU585RdO5tnHkK_qzxOkSeVN_hpWO5DbUAQ_Alm4_gqSGA8Ii2s0_iypEysftdcEjqAjbX60mSZ_g4AqK52xJTpo._lV0_KW49vV6lDkXOfKq1V76J8hxtKis5X-sL-yoTW0&dib_tag=se&keywords=phones&qid=1733429455&sr=8-32"
"Lamicall Foldable Phone Stand for Desk - Height Adjustable Cell Phone Holder Portable Cellphone Cradle Desktop Dock Compatible with iPhone 16 15 14 13 Pro Max Mini, 12 11 XR X 8 Plus SE, Smartphone,9.,4.8,""26,662"",https://www.amazon.com/Lamicall-Foldable-Phone-Stand-Desk/dp/B09MCKK9NX/ref=sr_1_33?dib=eyJ2IjoiMSJ9.ir0sUeapQkYDKQNdorSx4tU2-hBEVm6OLJJmgBXO0IKXsW9lp5z4Ff8VbFhO1t9Ep3iuCFSyudrV0n1AcUGFDBnvwEMTSR_iM1tfx4TyZChfpo5lO9C5f16eTxZIDQAqoHHAe5ckgE-ebf3QKGEaU585RdO5tnHkK_qzxOkSeVN_hpWO5DbUAQ_Alm4_gqSGA8Ii2s0_iypEysftdcEjqAjbX60mSZ_g4AqK52xJTpo._lV0_KW49vV6lDkXOfKq1V76J8hxtKis5X-sL-yoTW0&dib_tag=se&keywords=phones&qid=1733429455&sr=8-33"
"OnePlus Nord N30 5G | Unlocked Dual-SIM Android Smart Phone | 6.7"" LCD Display | 8 +128GB | 5000 mAh Battery | 50W Fast Charging | 108MP Camera | Chromatic Gray,Belirtilmemiş,4.3,""1,078"",https://www.amazon.com/OnePlus-Unlocked-Dual-SIM-Charging-Chromatic/dp/B0C22BRGLG/ref=sr_1_34?dib=eyJ2IjoiMSJ9.ir0sUeapQkYDKQNdorSx4tU2-hBEVm6OLJJmgBXO0IKXsW9lp5z4Ff8VbFhO1t9Ep3iuCFSyudrV0n1AcUGFDBnvwEMTSR_iM1tfx4TyZChfpo5lO9C5f16eTxZIDQAqoHHAe5ckgE-ebf3QKGEaU585RdO5tnHkK_qzxOkSeVN_hpWO5DbUAQ_Alm4_gqSGA8Ii2s0_iypEysftdcEjqAjbX60mSZ_g4AqK52xJTpo._lV0_KW49vV6lDkXOfKq1V76J8hxtKis5X-sL-yoTW0&dib_tag=se&keywords=phones&qid=1733429455&sr=8-34"
"Panasonic Cordless Phone with Answering Machine, Link2Cell Bluetooth, Voice Assistant and Advanced Call Blocking, Expandable System with 4 Handsets - KX-TGD864W (White),Belirtilmemiş,4.4,""1,515"",https://www.amazon.com/Panasonic-Answering-Link2Cell-Bluetooth-Expandable/dp/B0BZG31S2R/ref=sr_1_35?dib=eyJ2IjoiMSJ9.ir0sUeapQkYDKQNdorSx4tU2-hBEVm6OLJJmgBXO0IKXsW9lp5z4Ff8VbFhO1t9Ep3iuCFSyudrV0n1AcUGFDBnvwEMTSR_iM1tfx4TyZChfpo5lO9C5f16eTxZIDQAqoHHAe5ckgE-ebf3QKGEaU585RdO5tnHkK_qzxOkSeVN_hpWO5DbUAQ_Alm4_gqSGA8Ii2s0_iypEysftdcEjqAjbX60mSZ_g4AqK52xJTpo._lV0_KW49vV6lDkXOfKq1V76J8hxtKis5X-sL-yoTW0&dib_tag=se&keywords=phones&qid=1733429455&sr=8-35"
"VTech IS8151-5 Super Long Range 5 Handset DECT 6.0 Cordless Phone for Home with Answering Machine, 2300 ft Range, Call Blocking, Bluetooth, Headset Jack, Power Backup, Intercom, Expandable to 12 HS,Belirtilmemiş,4.2,""8,745"",https://www.amazon.com/VTech-IS8151-5-Answering-Bluetooth-Expandable/dp/B086R819LS/ref=sr_1_36?dib=eyJ2IjoiMSJ9.ir0sUeapQkYDKQNdorSx4tU2-hBEVm6OLJJmgBXO0IKXsW9lp5z4Ff8VbFhO1t9Ep3iuCFSyudrV0n1AcUGFDBnvwEMTSR_iM1tfx4TyZChfpo5lO9C5f16eTxZIDQAqoHHAe5ckgE-ebf3QKGEaU585RdO5tnHkK_qzxOkSeVN_hpWO5DbUAQ_Alm4_gqSGA8Ii2s0_iypEysftdcEjqAjbX60mSZ_g4AqK52xJTpo._lV0_KW49vV6lDkXOfKq1V76J8hxtKis5X-sL-yoTW0&dib_tag=se&keywords=phones&qid=1733429455&sr=8-36"
Ruky for iPhone 15 Pro Max Case with Stand and Privacy Screen Protector, [with Detachable Buttons] Compatible with MagSafe, Translucent Matte Magnetic Phone Case for iPhone 15 Pro Max 6.7”, Black,15.,Belirtilmemiş,$15.99$15.99,https://www.amazon.com/sspa/click?ie=UTF8&spc=MTo3MTk4MjU0NDc2MDQ1Nzc0OjE3MzM0Mjk0NTU6c3BfYnRmOjMwMDU3Mzk4Mjk1MDkwMjo6MDo6&url=%2FRuky-Protector-Detachable-Compatible-Translucent%2Fdp%2FB0DK3FCMPC%2Fref%3Dsr_1_37_sspa%3Fdib%3DeyJ2IjoiMSJ9.ir0sUeapQkYDKQNdorSx4tU2-hBEVm6OLJJmgBXO0IKXsW9lp5z4Ff8VbFhO1t9Ep3iuCFSyudrV0n1AcUGFDBnvwEMTSR_iM1tfx4TyZChfpo5lO9C5f16eTxZIDQAqoHHAe5ckgE-ebf3QKGEaU585RdO5tnHkK_qzxOkSeVN_hpWO5DbUAQ_Alm4_gqSGA8Ii2s0_iypEysftdcEjqAjbX60mSZ_g4AqK52xJTpo._lV0_KW49vV6lDkXOfKq1V76J8hxtKis5X-sL-yoTW0%26dib_tag%3Dse%26keywords%3Dphones%26qid%3D1733429455%26sr%3D8-37-spons%26sp_csd%3Dd2lkZ2V0TmFtZT1zcF9idGY%26psc%3D1
Selfie Light for Phone，68 LED Phone Light with Front and Back Clips, Rechargeable Selfie Light Clip, Adjusted 3 Light Modes &10-Level Brightness for Phone, IPad, Laptop, for TikTok, Makeup,Selfie,Vlog,14.,4.7,21,https://www.amazon.com/sspa/click?ie=UTF8&spc=MTo3MTk4MjU0NDc2MDQ1Nzc0OjE3MzM0Mjk0NTU6c3BfYnRmOjMwMDU0OTc5OTg2NjIwMjo6MDo6&url=%2FPhone%25EF%25BC%258C68-Rechargeable-Adjusted-10-Level-Brightness%2Fdp%2FB0DDCDXF4Q%2Fref%3Dsr_1_38_sspa%3Fdib%3DeyJ2IjoiMSJ9.ir0sUeapQkYDKQNdorSx4tU2-hBEVm6OLJJmgBXO0IKXsW9lp5z4Ff8VbFhO1t9Ep3iuCFSyudrV0n1AcUGFDBnvwEMTSR_iM1tfx4TyZChfpo5lO9C5f16eTxZIDQAqoHHAe5ckgE-ebf3QKGEaU585RdO5tnHkK_qzxOkSeVN_hpWO5DbUAQ_Alm4_gqSGA8Ii2s0_iypEysftdcEjqAjbX60mSZ_g4AqK52xJTpo._lV0_KW49vV6lDkXOfKq1V76J8hxtKis5X-sL-yoTW0%26dib_tag%3Dse%26keywords%3Dphones%26qid%3D1733429455%26sr%3D8-38-spons%26sp_csd%3Dd2lkZ2V0TmFtZT1zcF9idGY%26psc%3D1
"VICSEED [Ture Strongest Suction Military-Grade Sturdy Universal Phone Holders for Your Car Dashboard Windshield Vent Cell Phone Mount Truck Boat Cradle for iPhone, Android, All Smartphones,25.,4.4,""30,101"",https://www.amazon.com/sspa/click?ie=UTF8&spc=MTo2Njk5NzkwOTkyNTY2NDA5OjE3MzM0Mjk0NTc6c3BfYXRmX25leHQ6MzAwNTU2MDY2NTQzMTAyOjowOjo&url=%2FUniversal-VICSEED-Dashboard-Windshield-Compatible%2Fdp%2FB07R1QZ8V1%2Fref%3Dsr_1_33_sspa%3Fdib%3DeyJ2IjoiMSJ9.a8zDKrT21ULlFc12cpxO4zMspU0TKxRj8_A4H_-xpKo1Inc3IrUdWHiExQ1e9F6M82DqksohZF12_WvHVMBu-t_W9QAc17JEk23HcLPzRt_npOnhy80aE5-ZGy68HHQ6jLNZcpUwT3b26JethAeCL3cDJGz4Gx9uj5XCWXl5bKT_gVVq9V_WWEQnAJUAHrsPdfU5SyU0ZRWo6YGDZb26CrxKiXju9Q_KnckvNRuz6zU.Z2AO9p3KYgwAHGNPFrhgAFfX6jxsjo378c3vVSTs82E%26dib_tag%3Dse%26keywords%3Dphones%26qid%3D1733429457%26sr%3D8-33-spons%26sp_csd%3Dd2lkZ2V0TmFtZT1zcF9hdGZfbmV4dA%26psc%3D1"
JOYROOM 60W USB C Car Charger, PD&QC 3.0 Car Charger Adapter, Fast Charging Car Phone Charger, Dual Port Car USB Charger with 40inch Cable, Fast Car Charger for iPhone16/Samsung S24/Android,19.,4.4,9,https://www.amazon.com/sspa/click?ie=UTF8&spc=MTo2Njk5NzkwOTkyNTY2NDA5OjE3MzM0Mjk0NTc6c3BfYXRmX25leHQ6MzAwNTE4MDY3MTU3MjAyOjowOjo&url=%2FJOYROOM-Charger-Adapter-Charging-iPhone16%2Fdp%2FB0DHKQJ3HZ%2Fref%3Dsr_1_34_sspa%3Fdib%3DeyJ2IjoiMSJ9.a8zDKrT21ULlFc12cpxO4zMspU0TKxRj8_A4H_-xpKo1Inc3IrUdWHiExQ1e9F6M82DqksohZF12_WvHVMBu-t_W9QAc17JEk23HcLPzRt_npOnhy80aE5-ZGy68HHQ6jLNZcpUwT3b26JethAeCL3cDJGz4Gx9uj5XCWXl5bKT_gVVq9V_WWEQnAJUAHrsPdfU5SyU0ZRWo6YGDZb26CrxKiXju9Q_KnckvNRuz6zU.Z2AO9p3KYgwAHGNPFrhgAFfX6jxsjo378c3vVSTs82E%26dib_tag%3Dse%26keywords%3Dphones%26qid%3D1733429457%26sr%3D8-34-spons%26sp_csd%3Dd2lkZ2V0TmFtZT1zcF9hdGZfbmV4dA%26psc%3D1
"Miracase Phone Holders for Your Car with Newest Metal Hook Clip, Air Vent Cell Phone Car Mount, Universal Automobile Cradle Fit for iPhone Android and All Smartphones, Dark Black,11.,4.3,""30,066"",https://www.amazon.com/Miracase-Holders-Universal-Automobile-Smartphones/dp/B0CHYBKQPM/ref=sr_1_35?dib=eyJ2IjoiMSJ9.a8zDKrT21ULlFc12cpxO4zMspU0TKxRj8_A4H_-xpKo1Inc3IrUdWHiExQ1e9F6M82DqksohZF12_WvHVMBu-t_W9QAc17JEk23HcLPzRt_npOnhy80aE5-ZGy68HHQ6jLNZcpUwT3b26JethAeCL3cDJGz4Gx9uj5XCWXl5bKT_gVVq9V_WWEQnAJUAHrsPdfU5SyU0ZRWo6YGDZb26CrxKiXju9Q_KnckvNRuz6zU.Z2AO9p3KYgwAHGNPFrhgAFfX6jxsjo378c3vVSTs82E&dib_tag=se&keywords=phones&qid=1733429457&sr=8-35"
"Upgraded 3-in-1 Car Phone Holder Mount [Powerful Suction] Phone Mount for Car Dashboard Air Vent Windshield,for All iPhone Android Phone (Black),16.,4.3,""4,672"",https://www.amazon.com/SUUSON-Upgraded-Powerful-Dashboard-Windshield/dp/B0D6R7ZR5P/ref=sr_1_36?dib=eyJ2IjoiMSJ9.a8zDKrT21ULlFc12cpxO4zMspU0TKxRj8_A4H_-xpKo1Inc3IrUdWHiExQ1e9F6M82DqksohZF12_WvHVMBu-t_W9QAc17JEk23HcLPzRt_npOnhy80aE5-ZGy68HHQ6jLNZcpUwT3b26JethAeCL3cDJGz4Gx9uj5XCWXl5bKT_gVVq9V_WWEQnAJUAHrsPdfU5SyU0ZRWo6YGDZb26CrxKiXju9Q_KnckvNRuz6zU.Z2AO9p3KYgwAHGNPFrhgAFfX6jxsjo378c3vVSTs82E&dib_tag=se&keywords=phones&qid=1733429457&sr=8-36"
Kids Smart Phone for Girls, Christmas Birthday Gifts for Girls Age 3-10,Kids Toys Cell Phone, Toddler Learning Play Toy Phone with Dual Camera, Game, Music Player,35.,4.5,382,https://www.amazon.com/Christmas-Birthday-Toddler-Learning-Camera/dp/B0DC62J1TN/ref=sr_1_37?dib=eyJ2IjoiMSJ9.a8zDKrT21ULlFc12cpxO4zMspU0TKxRj8_A4H_-xpKo1Inc3IrUdWHiExQ1e9F6M82DqksohZF12_WvHVMBu-t_W9QAc17JEk23HcLPzRt_npOnhy80aE5-ZGy68HHQ6jLNZcpUwT3b26JethAeCL3cDJGz4Gx9uj5XCWXl5bKT_gVVq9V_WWEQnAJUAHrsPdfU5SyU0ZRWo6YGDZb26CrxKiXju9Q_KnckvNRuz6zU.Z2AO9p3KYgwAHGNPFrhgAFfX6jxsjo378c3vVSTs82E&dib_tag=se&keywords=phones&qid=1733429457&sr=8-37
"LISEN Cell Phone Stand Adjustable Phone Holer for Desk, Computer Office Desk Accessories for iPhone 16 Holder Women Kitchen Essentials Fits All Mobile Phones Switch Kindle iPads Tablet 4-10in,9.,4.5,""66,441"",https://www.amazon.com/Height-Adjustable-LISEN-Aluminum-Compatible/dp/B07Z82895W/ref=sr_1_38?dib=eyJ2IjoiMSJ9.a8zDKrT21ULlFc12cpxO4zMspU0TKxRj8_A4H_-xpKo1Inc3IrUdWHiExQ1e9F6M82DqksohZF12_WvHVMBu-t_W9QAc17JEk23HcLPzRt_npOnhy80aE5-ZGy68HHQ6jLNZcpUwT3b26JethAeCL3cDJGz4Gx9uj5XCWXl5bKT_gVVq9V_WWEQnAJUAHrsPdfU5SyU0ZRWo6YGDZb26CrxKiXju9Q_KnckvNRuz6zU.Z2AO9p3KYgwAHGNPFrhgAFfX6jxsjo378c3vVSTs82E&dib_tag=se&keywords=phones&qid=1733429457&sr=8-38"
"DJI Osmo Mobile 6 Gimbal Stabilizer for Smartphones, 3-Axis Phone Gimbal, Built-In Extension Rod, Object Tracking, Portable and Foldable, Vlogging Stabilizer, YouTube TikTok, Slate Gray,Belirtilmemiş,4.5,""13,348"",https://www.amazon.com/DJI-Smartphone-Stabilizer-Extension-ShotGuides/dp/B0B7XD7R43/ref=sr_1_39?dib=eyJ2IjoiMSJ9.a8zDKrT21ULlFc12cpxO4zMspU0TKxRj8_A4H_-xpKo1Inc3IrUdWHiExQ1e9F6M82DqksohZF12_WvHVMBu-t_W9QAc17JEk23HcLPzRt_npOnhy80aE5-ZGy68HHQ6jLNZcpUwT3b26JethAeCL3cDJGz4Gx9uj5XCWXl5bKT_gVVq9V_WWEQnAJUAHrsPdfU5SyU0ZRWo6YGDZb26CrxKiXju9Q_KnckvNRuz6zU.Z2AO9p3KYgwAHGNPFrhgAFfX6jxsjo378c3vVSTs82E&dib_tag=se&keywords=phones&qid=1733429457&sr=8-39"
Wireless Earbuds Bluetooth 5.3 Headphones with LED Touch Screen 50H Playtime Deep Bass Stereo Ear Buds with Mic IPX7 Waterproof in Ear Earphones for Pad Tablet Laptop Android/iOS Phones,36.,4.9,109,https://www.amazon.com/Wireless-Bluetooth-Headphones-Waterproof-Earphones/dp/B0DJTBTYL2/ref=sr_1_40?dib=eyJ2IjoiMSJ9.a8zDKrT21ULlFc12cpxO4zMspU0TKxRj8_A4H_-xpKo1Inc3IrUdWHiExQ1e9F6M82DqksohZF12_WvHVMBu-t_W9QAc17JEk23HcLPzRt_npOnhy80aE5-ZGy68HHQ6jLNZcpUwT3b26JethAeCL3cDJGz4Gx9uj5XCWXl5bKT_gVVq9V_WWEQnAJUAHrsPdfU5SyU0ZRWo6YGDZb26CrxKiXju9Q_KnckvNRuz6zU.Z2AO9p3KYgwAHGNPFrhgAFfX6jxsjo378c3vVSTs82E&dib_tag=se&keywords=phones&qid=1733429457&sr=8-40
"APPS2Car Magnetic Phone Car Mount, Dashboard Windshield Industrial-Strength Suction Cup Car Phone Mount Holder with Adjustable Telescopic Arm,6 Strong Magnets, for Cell Phones(Metal Sticker Need),18.,4.5,""32,436"",https://www.amazon.com/APPS2Car-Windshield-Industrial-Strength-Adjustable-Telescopic/dp/B07L3Q7Y4F/ref=sr_1_41?dib=eyJ2IjoiMSJ9.a8zDKrT21ULlFc12cpxO4zMspU0TKxRj8_A4H_-xpKo1Inc3IrUdWHiExQ1e9F6M82DqksohZF12_WvHVMBu-t_W9QAc17JEk23HcLPzRt_npOnhy80aE5-ZGy68HHQ6jLNZcpUwT3b26JethAeCL3cDJGz4Gx9uj5XCWXl5bKT_gVVq9V_WWEQnAJUAHrsPdfU5SyU0ZRWo6YGDZb26CrxKiXju9Q_KnckvNRuz6zU.Z2AO9p3KYgwAHGNPFrhgAFfX6jxsjo378c3vVSTs82E&dib_tag=se&keywords=phones&qid=1733429457&sr=8-41"
"iOttie Easy One Touch 5 Dashboard & Windshield Universal Car Mount Phone Holder Desk Stand with Suction Cup Base and Telescopic Arm for iPhone, Samsung, Google, Huawei, Nokia, other Smartphones,24.,4.4,""137,196"",https://www.amazon.com/iOttie-Dashboard-Windshield-Samsung-Smartphones/dp/B0875RKTQF/ref=sr_1_42?dib=eyJ2IjoiMSJ9.a8zDKrT21ULlFc12cpxO4zMspU0TKxRj8_A4H_-xpKo1Inc3IrUdWHiExQ1e9F6M82DqksohZF12_WvHVMBu-t_W9QAc17JEk23HcLPzRt_npOnhy80aE5-ZGy68HHQ6jLNZcpUwT3b26JethAeCL3cDJGz4Gx9uj5XCWXl5bKT_gVVq9V_WWEQnAJUAHrsPdfU5SyU0ZRWo6YGDZb26CrxKiXju9Q_KnckvNRuz6zU.Z2AO9p3KYgwAHGNPFrhgAFfX6jxsjo378c3vVSTs82E&dib_tag=se&keywords=phones&qid=1733429457&sr=8-42"
"Kids Smart Phone for Girls, Christmas Birthday Gifts for Girls Age 3-10 Kids Toys Cell Phone, 2.8"" Touchscreen Toddler Learning Play Toy Phone with Dual Camera, Game, Music Player, 8GB Card (Purple),35.,4.2,""1,706"",https://www.amazon.com/Christmas-Birthday-Touchscreen-Toddler-Learning/dp/B0CMTLGC9W/ref=sr_1_43?dib=eyJ2IjoiMSJ9.a8zDKrT21ULlFc12cpxO4zMspU0TKxRj8_A4H_-xpKo1Inc3IrUdWHiExQ1e9F6M82DqksohZF12_WvHVMBu-t_W9QAc17JEk23HcLPzRt_npOnhy80aE5-ZGy68HHQ6jLNZcpUwT3b26JethAeCL3cDJGz4Gx9uj5XCWXl5bKT_gVVq9V_WWEQnAJUAHrsPdfU5SyU0ZRWo6YGDZb26CrxKiXju9Q_KnckvNRuz6zU.Z2AO9p3KYgwAHGNPFrhgAFfX6jxsjo378c3vVSTs82E&dib_tag=se&keywords=phones&qid=1733429457&sr=8-43"
"Aureday Phone Tripod, Flexible Tripod for iPhone and Android Cell Phone, Portable Small Tripod with Wireless Remote and Clip for Video Recording/Vlogging/Selfie Black,14.,4.4,""4,762"",https://www.amazon.com/Aureday-Flexible-Portable-Wireless-Recording/dp/B09V4XYHR5/ref=sr_1_44?dib=eyJ2IjoiMSJ9.a8zDKrT21ULlFc12cpxO4zMspU0TKxRj8_A4H_-xpKo1Inc3IrUdWHiExQ1e9F6M82DqksohZF12_WvHVMBu-t_W9QAc17JEk23HcLPzRt_npOnhy80aE5-ZGy68HHQ6jLNZcpUwT3b26JethAeCL3cDJGz4Gx9uj5XCWXl5bKT_gVVq9V_WWEQnAJUAHrsPdfU5SyU0ZRWo6YGDZb26CrxKiXju9Q_KnckvNRuz6zU.Z2AO9p3KYgwAHGNPFrhgAFfX6jxsjo378c3vVSTs82E&dib_tag=se&keywords=phones&qid=1733429457&sr=8-44"
SYNCFUN Kids Smart Phone, Unicorn Christmas Birthday Gift for Girls Age 3 4 5 6 7 8 Year Old, Toddler Phone Toys with Dual Camera, Game, Music Player, Alarm Clock, 8GB Card (Unicorn),29.,Belirtilmemiş,100+ bought in past month,https://www.amazon.com/SYNCFUN-Unicorn-Christmas-Birthday-Toddler/dp/B0DCVV2SVX/ref=sr_1_45?dib=eyJ2IjoiMSJ9.a8zDKrT21ULlFc12cpxO4zMspU0TKxRj8_A4H_-xpKo1Inc3IrUdWHiExQ1e9F6M82DqksohZF12_WvHVMBu-t_W9QAc17JEk23HcLPzRt_npOnhy80aE5-ZGy68HHQ6jLNZcpUwT3b26JethAeCL3cDJGz4Gx9uj5XCWXl5bKT_gVVq9V_WWEQnAJUAHrsPdfU5SyU0ZRWo6YGDZb26CrxKiXju9Q_KnckvNRuz6zU.Z2AO9p3KYgwAHGNPFrhgAFfX6jxsjo378c3vVSTs82E&dib_tag=se&keywords=phones&qid=1733429457&sr=8-45
"Lamicall Gooseneck Phone Holder for Bed - [Upgraded Stable Clip] for Desk, Headboard, Bed, Bedside, Table, Flexible Gooseneck Long Arm Stand, Overhead Cell Phone Clamp Mount, for All 4-7” Devices,19.,4.4,""23,757"",https://www.amazon.com/Lamicall-Gooseneck-Phone-Holder-Bed/dp/B0C36GKZ57/ref=sr_1_46?dib=eyJ2IjoiMSJ9.a8zDKrT21ULlFc12cpxO4zMspU0TKxRj8_A4H_-xpKo1Inc3IrUdWHiExQ1e9F6M82DqksohZF12_WvHVMBu-t_W9QAc17JEk23HcLPzRt_npOnhy80aE5-ZGy68HHQ6jLNZcpUwT3b26JethAeCL3cDJGz4Gx9uj5XCWXl5bKT_gVVq9V_WWEQnAJUAHrsPdfU5SyU0ZRWo6YGDZb26CrxKiXju9Q_KnckvNRuz6zU.Z2AO9p3KYgwAHGNPFrhgAFfX6jxsjo378c3vVSTs82E&dib_tag=se&keywords=phones&qid=1733429457&sr=8-46"
"LISEN Ultra Magnetic Car Phone Holder, for MagSafe Car Mount, Car Accessories for iPhone, MagSafe Car Mount Magnet Phone Holder for Car, Fit for iPhone 16, 15, 14, 13, Series and MagSafe Case, Black,12.,4.3,""8,340"",https://www.amazon.com/LISEN-MagSafe-Strong-Magnet-Magnetic/dp/B0CGHNQ53C/ref=sr_1_47?dib=eyJ2IjoiMSJ9.a8zDKrT21ULlFc12cpxO4zMspU0TKxRj8_A4H_-xpKo1Inc3IrUdWHiExQ1e9F6M82DqksohZF12_WvHVMBu-t_W9QAc17JEk23HcLPzRt_npOnhy80aE5-ZGy68HHQ6jLNZcpUwT3b26JethAeCL3cDJGz4Gx9uj5XCWXl5bKT_gVVq9V_WWEQnAJUAHrsPdfU5SyU0ZRWo6YGDZb26CrxKiXju9Q_KnckvNRuz6zU.Z2AO9p3KYgwAHGNPFrhgAFfX6jxsjo378c3vVSTs82E&dib_tag=se&keywords=phones&qid=1733429457&sr=8-47"
"VICSEED [No.1 Powerful Suction] [Rally Racing-Grade Stability] Phone Holders for Your Car 2024 Upgraded Car Phone Holder Mount Truck Stand for Dashboard Windshield Vent for iPhone Samsung All Phones,25.,4.4,""40,618"",https://www.amazon.com/VICSEED-Friendly-Dashboard-Windshield-Compatible/dp/B085WWPNY4/ref=sr_1_48?dib=eyJ2IjoiMSJ9.a8zDKrT21ULlFc12cpxO4zMspU0TKxRj8_A4H_-xpKo1Inc3IrUdWHiExQ1e9F6M82DqksohZF12_WvHVMBu-t_W9QAc17JEk23HcLPzRt_npOnhy80aE5-ZGy68HHQ6jLNZcpUwT3b26JethAeCL3cDJGz4Gx9uj5XCWXl5bKT_gVVq9V_WWEQnAJUAHrsPdfU5SyU0ZRWo6YGDZb26CrxKiXju9Q_KnckvNRuz6zU.Z2AO9p3KYgwAHGNPFrhgAFfX6jxsjo378c3vVSTs82E&dib_tag=se&keywords=phones&qid=1733429457&sr=8-48"
"Phone Tripod, 86"" Tall Tripod for iPhone with Flexible Gooseneck & Remote, Portable Cellphone Tripod Stand, Aluminum Travel Tripod for Selfies, Video Recording, Compatible with iPhone Android,25.,4.3,""2,118"",https://www.amazon.com/Flexible-Gooseneck-Cellphone-Recording-Compatible/dp/B0CJ579TLB/ref=sr_1_49?dib=eyJ2IjoiMSJ9.a8zDKrT21ULlFc12cpxO4zMspU0TKxRj8_A4H_-xpKo1Inc3IrUdWHiExQ1e9F6M82DqksohZF12_WvHVMBu-t_W9QAc17JEk23HcLPzRt_npOnhy80aE5-ZGy68HHQ6jLNZcpUwT3b26JethAeCL3cDJGz4Gx9uj5XCWXl5bKT_gVVq9V_WWEQnAJUAHrsPdfU5SyU0ZRWo6YGDZb26CrxKiXju9Q_KnckvNRuz6zU.Z2AO9p3KYgwAHGNPFrhgAFfX6jxsjo378c3vVSTs82E&dib_tag=se&keywords=phones&qid=1733429457&sr=8-49"
"SENSYNE 62"" Phone Tripod & Selfie Stick, Extendable Cell Phone Tripod Stand with Wireless Remote and Phone Holder, Compatible with iPhone Android Phone, Camera,19.,4.6,""31,663"",https://www.amazon.com/Sensyne-Extendable-Wireless-Compatible-Android/dp/B09TQY66NH/ref=sr_1_50?dib=eyJ2IjoiMSJ9.a8zDKrT21ULlFc12cpxO4zMspU0TKxRj8_A4H_-xpKo1Inc3IrUdWHiExQ1e9F6M82DqksohZF12_WvHVMBu-t_W9QAc17JEk23HcLPzRt_npOnhy80aE5-ZGy68HHQ6jLNZcpUwT3b26JethAeCL3cDJGz4Gx9uj5XCWXl5bKT_gVVq9V_WWEQnAJUAHrsPdfU5SyU0ZRWo6YGDZb26CrxKiXju9Q_KnckvNRuz6zU.Z2AO9p3KYgwAHGNPFrhgAFfX6jxsjo378c3vVSTs82E&dib_tag=se&keywords=phones&qid=1733429457&sr=8-50"
Ruky for iPhone 15 Pro Max Case with Stand and Privacy Screen Protector, [with Detachable Buttons] Compatible with MagSafe, Translucent Matte Magnetic Phone Case for iPhone 15 Pro Max 6.7”, Black,15.,Belirtilmemiş,$15.99$15.99,https://www.amazon.com/sspa/click?ie=UTF8&spc=MTo2Njk5NzkwOTkyNTY2NDA5OjE3MzM0Mjk0NTc6c3BfYnRmOjMwMDU3Mzk4Mjk1MDkwMjo6MDo6&url=%2FRuky-Protector-Detachable-Compatible-Translucent%2Fdp%2FB0DK3FCMPC%2Fref%3Dsr_1_51_sspa%3Fdib%3DeyJ2IjoiMSJ9.a8zDKrT21ULlFc12cpxO4zMspU0TKxRj8_A4H_-xpKo1Inc3IrUdWHiExQ1e9F6M82DqksohZF12_WvHVMBu-t_W9QAc17JEk23HcLPzRt_npOnhy80aE5-ZGy68HHQ6jLNZcpUwT3b26JethAeCL3cDJGz4Gx9uj5XCWXl5bKT_gVVq9V_WWEQnAJUAHrsPdfU5SyU0ZRWo6YGDZb26CrxKiXju9Q_KnckvNRuz6zU.Z2AO9p3KYgwAHGNPFrhgAFfX6jxsjo378c3vVSTs82E%26dib_tag%3Dse%26keywords%3Dphones%26qid%3D1733429457%26sr%3D8-51-spons%26sp_csd%3Dd2lkZ2V0TmFtZT1zcF9idGY%26psc%3D1
Selfie Light for Phone，68 LED Phone Light with Front and Back Clips, Rechargeable Selfie Light Clip, Adjusted 3 Light Modes &10-Level Brightness for Phone, IPad, Laptop, for TikTok, Makeup,Selfie,Vlog,14.,4.7,21,https://www.amazon.com/sspa/click?ie=UTF8&spc=MTo2Njk5NzkwOTkyNTY2NDA5OjE3MzM0Mjk0NTc6c3BfYnRmOjMwMDU0OTc5OTg2NjIwMjo6MDo6&url=%2FPhone%25EF%25BC%258C68-Rechargeable-Adjusted-10-Level-Brightness%2Fdp%2FB0DDCDXF4Q%2Fref%3Dsr_1_52_sspa%3Fdib%3DeyJ2IjoiMSJ9.a8zDKrT21ULlFc12cpxO4zMspU0TKxRj8_A4H_-xpKo1Inc3IrUdWHiExQ1e9F6M82DqksohZF12_WvHVMBu-t_W9QAc17JEk23HcLPzRt_npOnhy80aE5-ZGy68HHQ6jLNZcpUwT3b26JethAeCL3cDJGz4Gx9uj5XCWXl5bKT_gVVq9V_WWEQnAJUAHrsPdfU5SyU0ZRWo6YGDZb26CrxKiXju9Q_KnckvNRuz6zU.Z2AO9p3KYgwAHGNPFrhgAFfX6jxsjo378c3vVSTs82E%26dib_tag%3Dse%26keywords%3Dphones%26qid%3D1733429457%26sr%3D8-52-spons%26sp_csd%3Dd2lkZ2V0TmFtZT1zcF9idGY%26psc%3D1
"Lamicall Bike Phone Holder, Motorcycle Phone Mount - Motorcycle Handlebar Cell Phone Clamp, Scooter Phone Clip for iPhone 15 Pro Max/Plus, 14 Pro Max, S9, S10 and More 4.7"" to 6.8"" Smartphones,18.,4.5,""55,904"",https://www.amazon.com/Phone-Holder-Mount-Bike-Handlebar/dp/B085DMV7XD/ref=sr_1_49?dib=eyJ2IjoiMSJ9.1TKfE0UO5sWJsaCRC3200-3JNtdaRLoWhlfsoWB-c5spj8ZcE9qqYREqMK8_0C2YNQoVssNWXPwLtUhPvDwqbHILZuqjBQr6wYAIKo2Ygs5MT9Xqhq3oqcx-_TN4ZBgZTGXDV-M6WXkFK1KFCM4x4YYZRI9khd9ZBYLCp5W4U8X0wVAZYWJp3LFNimNmoyMzng5edREZtY-DOu8p47virJhmPyH6l1MnUOeEyNe1ot4.0Gx1i17zPH51f3tnTQw0IOodmcR_nwOES5wHR6C2t0I&dib_tag=se&keywords=phones&qid=1733429460&sr=8-49"
"Lamicall 2024 Wider Clamp & Metal Hook Car Phone Holder Vent [Thick Cases Friendly] Phone Holders for Your Car Mount Automobile Hands Free Cradle Air Vent for iPhone 16 15 14 13 Pro Max Smartphone,9.,4.5,""8,499"",https://www.amazon.com/Lamicall-Friendly-Holder-Cradle-Smartphone/dp/B0BHNYJGRF/ref=sr_1_50?dib=eyJ2IjoiMSJ9.1TKfE0UO5sWJsaCRC3200-3JNtdaRLoWhlfsoWB-c5spj8ZcE9qqYREqMK8_0C2YNQoVssNWXPwLtUhPvDwqbHILZuqjBQr6wYAIKo2Ygs5MT9Xqhq3oqcx-_TN4ZBgZTGXDV-M6WXkFK1KFCM4x4YYZRI9khd9ZBYLCp5W4U8X0wVAZYWJp3LFNimNmoyMzng5edREZtY-DOu8p47virJhmPyH6l1MnUOeEyNe1ot4.0Gx1i17zPH51f3tnTQw0IOodmcR_nwOES5wHR6C2t0I&dib_tag=se&keywords=phones&qid=1733429460&sr=8-50"
"Nulaxy Dual Folding Cell Phone Stand, Fully Adjustable Foldable Desktop Phone Holder Cradle Dock Compatible with Phone 16 15 14 13 12 11 Pro Xs Xs Max Xr X 8, Nintendo Switch, All Phones,9.,4.7,""53,146"",https://www.amazon.com/Nulaxy-Foldable-Compatible-Nintendo-Readers/dp/B07F8S18D5/ref=sr_1_51?dib=eyJ2IjoiMSJ9.1TKfE0UO5sWJsaCRC3200-3JNtdaRLoWhlfsoWB-c5spj8ZcE9qqYREqMK8_0C2YNQoVssNWXPwLtUhPvDwqbHILZuqjBQr6wYAIKo2Ygs5MT9Xqhq3oqcx-_TN4ZBgZTGXDV-M6WXkFK1KFCM4x4YYZRI9khd9ZBYLCp5W4U8X0wVAZYWJp3LFNimNmoyMzng5edREZtY-DOu8p47virJhmPyH6l1MnUOeEyNe1ot4.0Gx1i17zPH51f3tnTQw0IOodmcR_nwOES5wHR6C2t0I&dib_tag=se&keywords=phones&qid=1733429460&sr=8-51"
"How to Break Up with Your Phone: The 30-Day Plan to Take Back Your Life,0.,4.6,""by Catherine Price  | Feb 13, 2018"",https://www.amazon.com/How-Break-Up-Your-Phone/dp/039958112X/ref=sr_1_52?dib=eyJ2IjoiMSJ9.1TKfE0UO5sWJsaCRC3200-3JNtdaRLoWhlfsoWB-c5spj8ZcE9qqYREqMK8_0C2YNQoVssNWXPwLtUhPvDwqbHILZuqjBQr6wYAIKo2Ygs5MT9Xqhq3oqcx-_TN4ZBgZTGXDV-M6WXkFK1KFCM4x4YYZRI9khd9ZBYLCp5W4U8X0wVAZYWJp3LFNimNmoyMzng5edREZtY-DOu8p47virJhmPyH6l1MnUOeEyNe1ot4.0Gx1i17zPH51f3tnTQw0IOodmcR_nwOES5wHR6C2t0I&dib_tag=se&keywords=phones&qid=1733429460&sr=8-52"
"VANMASS 【65+LBS Strongest Suction & Military-Grade 2024 Ultimate Car Phone Mount【Patent & Safety Certs】 Cell Phone Holder Truck Stand for Dashboard Windshield Vent for iPhone 16 15 Pro Max 14 Samsung,26.,4.4,""53,728"",https://www.amazon.com/VANMASS%E3%80%902023-Strongest-Military-Grade-Mount%E3%80%90Patent-Handsfree/dp/B07G61YN8K/ref=sr_1_53?dib=eyJ2IjoiMSJ9.1TKfE0UO5sWJsaCRC3200-3JNtdaRLoWhlfsoWB-c5spj8ZcE9qqYREqMK8_0C2YNQoVssNWXPwLtUhPvDwqbHILZuqjBQr6wYAIKo2Ygs5MT9Xqhq3oqcx-_TN4ZBgZTGXDV-M6WXkFK1KFCM4x4YYZRI9khd9ZBYLCp5W4U8X0wVAZYWJp3LFNimNmoyMzng5edREZtY-DOu8p47virJhmPyH6l1MnUOeEyNe1ot4.0Gx1i17zPH51f3tnTQw0IOodmcR_nwOES5wHR6C2t0I&dib_tag=se&keywords=phones&qid=1733429460&sr=8-53"
ZINGBIRD Wireless Earbuds Bluetooth 5.4 Ear Buds 60Hrs Playtime Bluetooth Heaphones with Mic & LED Display IPX7 Waterproof Earphones for Sports Workouts Running Compatible with Phone Computer Black M,9.,5.0,96,https://www.amazon.com/ZINGBIRD-Bluetooth-Heaphones-Waterproof-Compatible/dp/B0DNMDF8Z2/ref=sr_1_54?dib=eyJ2IjoiMSJ9.1TKfE0UO5sWJsaCRC3200-3JNtdaRLoWhlfsoWB-c5spj8ZcE9qqYREqMK8_0C2YNQoVssNWXPwLtUhPvDwqbHILZuqjBQr6wYAIKo2Ygs5MT9Xqhq3oqcx-_TN4ZBgZTGXDV-M6WXkFK1KFCM4x4YYZRI9khd9ZBYLCp5W4U8X0wVAZYWJp3LFNimNmoyMzng5edREZtY-DOu8p47virJhmPyH6l1MnUOeEyNe1ot4.0Gx1i17zPH51f3tnTQw0IOodmcR_nwOES5wHR6C2t0I&dib_tag=se&keywords=phones&qid=1733429460&sr=8-54
"TONEOF 67"" Cell Phone Selfie Stick Tripod,Smartphone Tripod Stand All-in-1 with Integrated Wireless Remote,Portable,Lightweight,Extendable Phone Tripod for iPhone/Android(Black),29.,4.7,#1 Top Rated,https://www.amazon.com/TONEOF-Smartphone-Integrated-Lightweight-Extendable/dp/B0D56PRG49/ref=sr_1_55?dib=eyJ2IjoiMSJ9.1TKfE0UO5sWJsaCRC3200-3JNtdaRLoWhlfsoWB-c5spj8ZcE9qqYREqMK8_0C2YNQoVssNWXPwLtUhPvDwqbHILZuqjBQr6wYAIKo2Ygs5MT9Xqhq3oqcx-_TN4ZBgZTGXDV-M6WXkFK1KFCM4x4YYZRI9khd9ZBYLCp5W4U8X0wVAZYWJp3LFNimNmoyMzng5edREZtY-DOu8p47virJhmPyH6l1MnUOeEyNe1ot4.0Gx1i17zPH51f3tnTQw0IOodmcR_nwOES5wHR6C2t0I&dib_tag=se&keywords=phones&qid=1733429460&sr=8-55"
"Magnetic Neck Mount for Phones, Neck Cell Phone Holder POV/Vlog Selfie Mount Hand Free Phone Neck Holder Chest Stand Strap Video Recording for iPhone 16 15 14 13 12 Seires Android Phones Gray,27.,4.3,""1,516"",https://www.amazon.com/TELESIN%C2%B0-Magnetic-Phones-Recording-Android/dp/B0CLRHYNP4/ref=sr_1_56?dib=eyJ2IjoiMSJ9.1TKfE0UO5sWJsaCRC3200-3JNtdaRLoWhlfsoWB-c5spj8ZcE9qqYREqMK8_0C2YNQoVssNWXPwLtUhPvDwqbHILZuqjBQr6wYAIKo2Ygs5MT9Xqhq3oqcx-_TN4ZBgZTGXDV-M6WXkFK1KFCM4x4YYZRI9khd9ZBYLCp5W4U8X0wVAZYWJp3LFNimNmoyMzng5edREZtY-DOu8p47virJhmPyH6l1MnUOeEyNe1ot4.0Gx1i17zPH51f3tnTQw0IOodmcR_nwOES5wHR6C2t0I&dib_tag=se&keywords=phones&qid=1733429460&sr=8-56"
"CHGeek Wireless Car Charger, 15W Fast Charging Auto Clamping Car Charger Phone Mount Phone Holder fit for iPhone 16 15 14 13 12 Pro Max 11 XR XS, Samsung Galaxy S24 Ultra S23 S22 S21, S20, S10+, Black,Belirtilmemiş,4.3,""23,533"",https://www.amazon.com/Wireless-CHGeek-Charging-Windshield-Dashboard/dp/B08D5XJTJS/ref=sr_1_57?dib=eyJ2IjoiMSJ9.1TKfE0UO5sWJsaCRC3200-3JNtdaRLoWhlfsoWB-c5spj8ZcE9qqYREqMK8_0C2YNQoVssNWXPwLtUhPvDwqbHILZuqjBQr6wYAIKo2Ygs5MT9Xqhq3oqcx-_TN4ZBgZTGXDV-M6WXkFK1KFCM4x4YYZRI9khd9ZBYLCp5W4U8X0wVAZYWJp3LFNimNmoyMzng5edREZtY-DOu8p47virJhmPyH6l1MnUOeEyNe1ot4.0Gx1i17zPH51f3tnTQw0IOodmcR_nwOES5wHR6C2t0I&dib_tag=se&keywords=phones&qid=1733429460&sr=8-57"
"Kids Smart Phone for Girls Unicorns Gifts for Girls Toys 8-10 Years Old Phone Touchscreen Learning Toy Christmas Birthday Gifts for 3 4 5 6 7 8 9 Year Old Girls with 8G Memory Card,32.,4.2,""2,110"",https://www.amazon.com/Unicorns-Touchscreen-Learning-Christmas-Birthday/dp/B0BZ4G3YXY/ref=sr_1_58?dib=eyJ2IjoiMSJ9.1TKfE0UO5sWJsaCRC3200-3JNtdaRLoWhlfsoWB-c5spj8ZcE9qqYREqMK8_0C2YNQoVssNWXPwLtUhPvDwqbHILZuqjBQr6wYAIKo2Ygs5MT9Xqhq3oqcx-_TN4ZBgZTGXDV-M6WXkFK1KFCM4x4YYZRI9khd9ZBYLCp5W4U8X0wVAZYWJp3LFNimNmoyMzng5edREZtY-DOu8p47virJhmPyH6l1MnUOeEyNe1ot4.0Gx1i17zPH51f3tnTQw0IOodmcR_nwOES5wHR6C2t0I&dib_tag=se&keywords=phones&qid=1733429460&sr=8-58"
"Cell Phone Stand with Wireless Bluetooth Speaker and Anti-Slip Base HD Surround Sound Perfect for Home and Outdoors with Bluetooth Speaker for Desk Compatible with iPhone/ipad/Samsung Galaxy,27.,4.5,""9,960"",https://www.amazon.com/Wireless-Bluetooth-Anti-Slip-Surround-Compatible/dp/B08GC1G4Y9/ref=sr_1_59?dib=eyJ2IjoiMSJ9.1TKfE0UO5sWJsaCRC3200-3JNtdaRLoWhlfsoWB-c5spj8ZcE9qqYREqMK8_0C2YNQoVssNWXPwLtUhPvDwqbHILZuqjBQr6wYAIKo2Ygs5MT9Xqhq3oqcx-_TN4ZBgZTGXDV-M6WXkFK1KFCM4x4YYZRI9khd9ZBYLCp5W4U8X0wVAZYWJp3LFNimNmoyMzng5edREZtY-DOu8p47virJhmPyH6l1MnUOeEyNe1ot4.0Gx1i17zPH51f3tnTQw0IOodmcR_nwOES5wHR6C2t0I&dib_tag=se&keywords=phones&qid=1733429460&sr=8-59"
"Sony WH-1000XM4 Wireless Premium Noise Canceling Overhead Headphones with Mic for Phone-Call and Alexa Voice Control, Black WH1000XM4,Belirtilmemiş,4.6,""58,316"",https://www.amazon.com/Sony-WH-1000XM4-Canceling-Headphones-phone-call/dp/B0863TXGM3/ref=sr_1_60?dib=eyJ2IjoiMSJ9.1TKfE0UO5sWJsaCRC3200-3JNtdaRLoWhlfsoWB-c5spj8ZcE9qqYREqMK8_0C2YNQoVssNWXPwLtUhPvDwqbHILZuqjBQr6wYAIKo2Ygs5MT9Xqhq3oqcx-_TN4ZBgZTGXDV-M6WXkFK1KFCM4x4YYZRI9khd9ZBYLCp5W4U8X0wVAZYWJp3LFNimNmoyMzng5edREZtY-DOu8p47virJhmPyH6l1MnUOeEyNe1ot4.0Gx1i17zPH51f3tnTQw0IOodmcR_nwOES5wHR6C2t0I&dib_tag=se&keywords=phones&qid=1733429460&sr=8-60"
"Lamicall Gooseneck Phone Holder Bed - [Nylon Braided] Flexible Arm, 38inch Overall Length, 360 Adjustable Clamp Clip, Overhead Cell Phone Mount Stand for Bed, Desk, 4-7” Cellphone,27.,4.3,""3,977"",https://www.amazon.com/Lamicall-Gooseneck-Phone-Holder-Bed/dp/B0B9N41MCS/ref=sr_1_61?dib=eyJ2IjoiMSJ9.1TKfE0UO5sWJsaCRC3200-3JNtdaRLoWhlfsoWB-c5spj8ZcE9qqYREqMK8_0C2YNQoVssNWXPwLtUhPvDwqbHILZuqjBQr6wYAIKo2Ygs5MT9Xqhq3oqcx-_TN4ZBgZTGXDV-M6WXkFK1KFCM4x4YYZRI9khd9ZBYLCp5W4U8X0wVAZYWJp3LFNimNmoyMzng5edREZtY-DOu8p47virJhmPyH6l1MnUOeEyNe1ot4.0Gx1i17zPH51f3tnTQw0IOodmcR_nwOES5wHR6C2t0I&dib_tag=se&keywords=phones&qid=1733429460&sr=8-61"
"LISEN Magnetic Phone Holder for Car Upgraded Clip Ultra Car Phone Holder 6 Strong Magnets Cell Phone Holder Car Magnetic Case Friendly Phone Car Holder Mount for 4-6.7 inch Smartphones (Black),9.,4.4,""59,860"",https://www.amazon.com/LISEN-Magnetic-Install-Friendly-Smartphones/dp/B07YRKDF4P/ref=sr_1_62?dib=eyJ2IjoiMSJ9.1TKfE0UO5sWJsaCRC3200-3JNtdaRLoWhlfsoWB-c5spj8ZcE9qqYREqMK8_0C2YNQoVssNWXPwLtUhPvDwqbHILZuqjBQr6wYAIKo2Ygs5MT9Xqhq3oqcx-_TN4ZBgZTGXDV-M6WXkFK1KFCM4x4YYZRI9khd9ZBYLCp5W4U8X0wVAZYWJp3LFNimNmoyMzng5edREZtY-DOu8p47virJhmPyH6l1MnUOeEyNe1ot4.0Gx1i17zPH51f3tnTQw0IOodmcR_nwOES5wHR6C2t0I&dib_tag=se&keywords=phones&qid=1733429460&sr=8-62"
"Perilogics Universal in Flight Airplane Phone Holder Mount. Hands Free Viewing with Multi-Directional Dual 360 Degree Rotation. Pocket Size Must Have Airplane Travel Essential Accessory for Flying,13.,4.5,""20,257"",https://www.amazon.com/Perilogics-Universal-Airplane-Multi-Directional-Rotation/dp/B07T8KL6C6/ref=sr_1_63?dib=eyJ2IjoiMSJ9.1TKfE0UO5sWJsaCRC3200-3JNtdaRLoWhlfsoWB-c5spj8ZcE9qqYREqMK8_0C2YNQoVssNWXPwLtUhPvDwqbHILZuqjBQr6wYAIKo2Ygs5MT9Xqhq3oqcx-_TN4ZBgZTGXDV-M6WXkFK1KFCM4x4YYZRI9khd9ZBYLCp5W4U8X0wVAZYWJp3LFNimNmoyMzng5edREZtY-DOu8p47virJhmPyH6l1MnUOeEyNe1ot4.0Gx1i17zPH51f3tnTQw0IOodmcR_nwOES5wHR6C2t0I&dib_tag=se&keywords=phones&qid=1733429460&sr=8-63"
"DJI Osmo Mobile SE, 3-Axis Phone Gimbal, Portable and Foldable, Gimbal Stabilizer for iphone, Andriod, ShotGuides, ActiveTrack 6.0, Vlogging Stabilizer for Youtube, TikTok, Travel,Belirtilmemiş,4.5,""6,247"",https://www.amazon.com/Smartphone-Stabilizer-Magnetic-Portable-Foldable/dp/B0B7XCG225/ref=sr_1_64?dib=eyJ2IjoiMSJ9.1TKfE0UO5sWJsaCRC3200-3JNtdaRLoWhlfsoWB-c5spj8ZcE9qqYREqMK8_0C2YNQoVssNWXPwLtUhPvDwqbHILZuqjBQr6wYAIKo2Ygs5MT9Xqhq3oqcx-_TN4ZBgZTGXDV-M6WXkFK1KFCM4x4YYZRI9khd9ZBYLCp5W4U8X0wVAZYWJp3LFNimNmoyMzng5edREZtY-DOu8p47virJhmPyH6l1MnUOeEyNe1ot4.0Gx1i17zPH51f3tnTQw0IOodmcR_nwOES5wHR6C2t0I&dib_tag=se&keywords=phones&qid=1733429460&sr=8-64"
"Bike Phone Frame Bag Bike Phone Mount Bag Bike Accessories Waterproof Top Tube Bike Phone Case with Sensitive Touch Screen Bicycle Pouch Fits Phones Under 6.7"",24.,4.0,5,https://www.amazon.comhttps://aax-us-iad.amazon.com/x/c/JM3TNd1OyaO_QurcNetoEyIAAAGTmHJ-JwEAAAH2AQBvbm9fdHhuX2JpZDEgICBvbm9fdHhuX2ltcDEgICAAaRJ3/clv1_CEuOPUxokZA0iHrVSOsImnntH1J8Dese6osYrGLQ-N9Ux38Qh1bzLPw18nHE8xvWjq0yzpNb3XTPsunPS2cAFURGbnqsSej0TBAmOF1uEgX7E7pdskfB8IkGXHypUSIC0DEdr4BrIqFvk_K9csYyQDfS3tzF7TZRTbXX8i6pK9Pm0obbgF4qHFy2PdrzPLAgAndZa8DWzclSB3g1L4NIIKdT08H5y9cqRQTKeqMhzxNa78NhmLmxQUxujES9tiVeCGHkNPiLpANp2AkbNsgyZBmweiD42ySdf8iSx47iV5ckJQWOjZ6_1B-IZk_7FZaqxvdfxt1Cl7-mXfW_fJ2fBuhn-shbUWQWgqLbtL4JeZdoSYSk4kS05kNFO_Cr7gc/https://www.amazon.com/cnejucw-Accessories-Waterproof-Sensitive-Bicycle/dp/B0D6NH9MHR/ref=sxbs_sbv_search_btf?content-id=amzn1.sym.805ca70d-e057-4820-b9b3-729eee71f8a9%3Aamzn1.sym.805ca70d-e057-4820-b9b3-729eee71f8a9&cv_ct_cx=phones&keywords=phones&pd_rd_i=B0D6NH9MHR&pd_rd_r=5f4924bf-40be-4ec0-b894-394d15a8e685&pd_rd_w=GLhzy&pd_rd_wg=tkdcE&pf_rd_p=805ca70d-e057-4820-b9b3-729eee71f8a9&pf_rd_r=P676XVDN3PCG9617DAN5&qid=1733429460&sbo=RZvfv%2F%2FHxDF%2BO5021pAnSA%3D%3D&sr=1-49-48f7baba-8e26-45f3-8811-e1a601ad20bf"
SHEZI 2-IN-1 240W USB C Cable 5FT Lightning Cable Fast Charging [CarPlay Support] MFI Certified Flat Nylon Braided Universal Charge Cord Combo with Lightning/Type C Port for iPhone/iPad and More, Grey,19.,4.8,89,https://www.amazon.com/sspa/click?ie=UTF8&spc=MTo2NzEzNjAxOTQxODczMDIyOjE3MzM0Mjk0NjM6c3BfYXRmX25leHQ6MzAwNTM5NTQ0NDY2OTAyOjowOjo&url=%2FSHEZI-Lightning-Charging-Certified-Universal%2Fdp%2FB0DGPMNX6K%2Fref%3Dsr_1_65_sspa%3Fdib%3DeyJ2IjoiMSJ9.upz257qN248Bu5UxWQs0_UCZIJdylD349WMYOxv0kVul6LS9lehNWOuCPetpuPjpfwKgjREUzvymBDejCwW0RKl9ldlwxfdcwL000WcgEKsC_8jOfih56yCrPVtaHfJf3WbuM22nhWfqdREC0H9xnRmT4EsF0WYlbUP2GjGaM7pziq-uSj84dVs0l0MXTwYtqkYrWbmf9GfI1XcqlJFG4gEQycuAFBwHsexq46jdJHk.G-r57pJCwhgTqX6f3RRcNHunaYylO4k2ON4Vts05MzM%26dib_tag%3Dse%26keywords%3Dphones%26qid%3D1733429462%26sr%3D8-65-spons%26sp_csd%3Dd2lkZ2V0TmFtZT1zcF9hdGZfbmV4dA%26psc%3D1
JOYROOM 60W USB C Car Charger, PD&QC 3.0 Car Charger Adapter, Fast Charging Car Phone Charger, Dual Port Car USB Charger with 40inch Cable, Fast Car Charger for iPhone16/Samsung S24/Android,19.,4.4,9,https://www.amazon.com/sspa/click?ie=UTF8&spc=MTo2NzEzNjAxOTQxODczMDIyOjE3MzM0Mjk0NjM6c3BfYXRmX25leHQ6MzAwNTE4MDY3MTU3MjAyOjowOjo&url=%2FJOYROOM-Charger-Adapter-Charging-iPhone16%2Fdp%2FB0DHKQJ3HZ%2Fref%3Dsr_1_66_sspa%3Fdib%3DeyJ2IjoiMSJ9.upz257qN248Bu5UxWQs0_UCZIJdylD349WMYOxv0kVul6LS9lehNWOuCPetpuPjpfwKgjREUzvymBDejCwW0RKl9ldlwxfdcwL000WcgEKsC_8jOfih56yCrPVtaHfJf3WbuM22nhWfqdREC0H9xnRmT4EsF0WYlbUP2GjGaM7pziq-uSj84dVs0l0MXTwYtqkYrWbmf9GfI1XcqlJFG4gEQycuAFBwHsexq46jdJHk.G-r57pJCwhgTqX6f3RRcNHunaYylO4k2ON4Vts05MzM%26dib_tag%3Dse%26keywords%3Dphones%26qid%3D1733429462%26sr%3D8-66-spons%26sp_csd%3Dd2lkZ2V0TmFtZT1zcF9hdGZfbmV4dA%26psc%3D1
"Durcord USB C Cable, Upgarded 2Pack 10ft Fast USB Type C Charging Cable for Android/Phone/Pad/Laptop, Type C Charger Braided USB Cable Compatible withi Phone 16/15/Pro/Plus/Max/Sam.Sung-Silver,12.,4.5,""3,226"",https://www.amazon.com/Durcord-Upgarded-Charging-Compatible-Sam-Sung-Silver/dp/B0CL4WP7BP/ref=sr_1_67?dib=eyJ2IjoiMSJ9.upz257qN248Bu5UxWQs0_UCZIJdylD349WMYOxv0kVul6LS9lehNWOuCPetpuPjpfwKgjREUzvymBDejCwW0RKl9ldlwxfdcwL000WcgEKsC_8jOfih56yCrPVtaHfJf3WbuM22nhWfqdREC0H9xnRmT4EsF0WYlbUP2GjGaM7pziq-uSj84dVs0l0MXTwYtqkYrWbmf9GfI1XcqlJFG4gEQycuAFBwHsexq46jdJHk.G-r57pJCwhgTqX6f3RRcNHunaYylO4k2ON4Vts05MzM&dib_tag=se&keywords=phones&qid=1733429462&sr=8-67"
"JOYIN Baby Learning Phone and Remote Toy for Toddler Fun Smartphone Toys with Music for Infants, Kids, Boys or Girls, Holiday Stocking Stuffers, Birthday and Toddler Presents Toys,19.,4.6,""10,287"",https://www.amazon.com/JOYIN-Learning-Smartphone-Birthday-Stocking/dp/B07KGH1C7W/ref=sr_1_68?dib=eyJ2IjoiMSJ9.upz257qN248Bu5UxWQs0_UCZIJdylD349WMYOxv0kVul6LS9lehNWOuCPetpuPjpfwKgjREUzvymBDejCwW0RKl9ldlwxfdcwL000WcgEKsC_8jOfih56yCrPVtaHfJf3WbuM22nhWfqdREC0H9xnRmT4EsF0WYlbUP2GjGaM7pziq-uSj84dVs0l0MXTwYtqkYrWbmf9GfI1XcqlJFG4gEQycuAFBwHsexq46jdJHk.G-r57pJCwhgTqX6f3RRcNHunaYylO4k2ON4Vts05MzM&dib_tag=se&keywords=phones&qid=1733429462&sr=8-68"
"LISEN for iPhone 16 MagSafe Car Mount, [Quick Install] Ultra Magnetic Long Arm Mag Safe Car Phone Holder Vent, Car Accessories Fit for iPhone 16 Pro Max 15 14 13 12 Plus Mini Men Women, Black,15.,4.4,""11,248"",https://www.amazon.com/Compatible-MagSafe-Strongest-LISEN-Magnetic/dp/B09R1G19K5/ref=sr_1_69?dib=eyJ2IjoiMSJ9.upz257qN248Bu5UxWQs0_UCZIJdylD349WMYOxv0kVul6LS9lehNWOuCPetpuPjpfwKgjREUzvymBDejCwW0RKl9ldlwxfdcwL000WcgEKsC_8jOfih56yCrPVtaHfJf3WbuM22nhWfqdREC0H9xnRmT4EsF0WYlbUP2GjGaM7pziq-uSj84dVs0l0MXTwYtqkYrWbmf9GfI1XcqlJFG4gEQycuAFBwHsexq46jdJHk.G-r57pJCwhgTqX6f3RRcNHunaYylO4k2ON4Vts05MzM&dib_tag=se&keywords=phones&qid=1733429462&sr=8-69"
"2 Pcs Cell Phone Stand, Adjustable Angle Height Phone Stand for Desk, Fully Foldable/Portable Phone Holder, Compatible for iPhone 16/15/14/13/12/Smartphones,9.,4.6,""5,755"",https://www.amazon.com/Adjustable-Foldable-Portable-Compatible-Smartphones/dp/B0963PBY4C/ref=sr_1_70?dib=eyJ2IjoiMSJ9.upz257qN248Bu5UxWQs0_UCZIJdylD349WMYOxv0kVul6LS9lehNWOuCPetpuPjpfwKgjREUzvymBDejCwW0RKl9ldlwxfdcwL000WcgEKsC_8jOfih56yCrPVtaHfJf3WbuM22nhWfqdREC0H9xnRmT4EsF0WYlbUP2GjGaM7pziq-uSj84dVs0l0MXTwYtqkYrWbmf9GfI1XcqlJFG4gEQycuAFBwHsexq46jdJHk.G-r57pJCwhgTqX6f3RRcNHunaYylO4k2ON4Vts05MzM&dib_tag=se&keywords=phones&qid=1733429462&sr=8-70"
"UGREEN Cell Phone Stand for Desk Phone Holder Foldable Portable Adjustable Compatible with iPhone 16 15 14 13 Pro Max, iPhone 12 11 Plus SE XS XR 8 7, Office Desk Travel Accessories, Black,8.,4.6,""34,293"",https://www.amazon.com/UGREEN-Compatible-Smartphone-Adjustable-Foldable/dp/B07BK5P5ST/ref=sr_1_71?dib=eyJ2IjoiMSJ9.upz257qN248Bu5UxWQs0_UCZIJdylD349WMYOxv0kVul6LS9lehNWOuCPetpuPjpfwKgjREUzvymBDejCwW0RKl9ldlwxfdcwL000WcgEKsC_8jOfih56yCrPVtaHfJf3WbuM22nhWfqdREC0H9xnRmT4EsF0WYlbUP2GjGaM7pziq-uSj84dVs0l0MXTwYtqkYrWbmf9GfI1XcqlJFG4gEQycuAFBwHsexq46jdJHk.G-r57pJCwhgTqX6f3RRcNHunaYylO4k2ON4Vts05MzM&dib_tag=se&keywords=phones&qid=1733429462&sr=8-71"
KOKODI Kids Smart Phone Toys, Birthday Gifts Unicorn Toddler Play Phone for Girls 3-10, Touchscreen HD Dual Camera Cell Phone for Kids, Travel Toy Preschool Learning Toy for Kids,39.,4.4,863,https://www.amazon.com/KOKODI-Birthday-Touchscreen-Preschool-Learning/dp/B0CHRF5LMX/ref=sr_1_72?dib=eyJ2IjoiMSJ9.upz257qN248Bu5UxWQs0_UCZIJdylD349WMYOxv0kVul6LS9lehNWOuCPetpuPjpfwKgjREUzvymBDejCwW0RKl9ldlwxfdcwL000WcgEKsC_8jOfih56yCrPVtaHfJf3WbuM22nhWfqdREC0H9xnRmT4EsF0WYlbUP2GjGaM7pziq-uSj84dVs0l0MXTwYtqkYrWbmf9GfI1XcqlJFG4gEQycuAFBwHsexq46jdJHk.G-r57pJCwhgTqX6f3RRcNHunaYylO4k2ON4Vts05MzM&dib_tag=se&keywords=phones&qid=1733429462&sr=8-72
"KODAK Step Instant Smartphone Photo Printer - Portable Mini Color Wireless Mobile Printer - Zink 2x3” Sticky-Back Photos - Bluetooth Compatible with iOS & Android Devices - Fun Editing App - White,Belirtilmemiş,4.4,""21,103"",https://www.amazon.com/Wireless-Printer-Compatible-Android-Bluetooth/dp/B08C72V1LB/ref=sr_1_73?dib=eyJ2IjoiMSJ9.upz257qN248Bu5UxWQs0_UCZIJdylD349WMYOxv0kVul6LS9lehNWOuCPetpuPjpfwKgjREUzvymBDejCwW0RKl9ldlwxfdcwL000WcgEKsC_8jOfih56yCrPVtaHfJf3WbuM22nhWfqdREC0H9xnRmT4EsF0WYlbUP2GjGaM7pziq-uSj84dVs0l0MXTwYtqkYrWbmf9GfI1XcqlJFG4gEQycuAFBwHsexq46jdJHk.G-r57pJCwhgTqX6f3RRcNHunaYylO4k2ON4Vts05MzM&dib_tag=se&keywords=phones&qid=1733429462&sr=8-73"
"[True Military-Grade] Car Phone Holder VANMASS [2024 Strongest Suction & Clip] Cell Phone Mount for Dashboard Windshield Vent Truck Accessories Cradle Dash Stand for iPhone 16 Pro Max 15 14 13 Android,25.,4.4,""13,173"",https://www.amazon.com/VANMASS-Universal-Dashboard-Windshield-Compatible/dp/B08DKHHTFX/ref=sr_1_74?dib=eyJ2IjoiMSJ9.upz257qN248Bu5UxWQs0_UCZIJdylD349WMYOxv0kVul6LS9lehNWOuCPetpuPjpfwKgjREUzvymBDejCwW0RKl9ldlwxfdcwL000WcgEKsC_8jOfih56yCrPVtaHfJf3WbuM22nhWfqdREC0H9xnRmT4EsF0WYlbUP2GjGaM7pziq-uSj84dVs0l0MXTwYtqkYrWbmf9GfI1XcqlJFG4gEQycuAFBwHsexq46jdJHk.G-r57pJCwhgTqX6f3RRcNHunaYylO4k2ON4Vts05MzM&dib_tag=se&keywords=phones&qid=1733429462&sr=8-74"
"Universal Phone Mount for Car, Reliable Suction Hands-Free Car Phone Holder Mount, Automobile Cell Phone Holder Car for Dashboard Windshield Vent Fit for All Smartphones,9.,4.2,""4,173"",https://www.amazon.com/LOTUNY-Military-Grade-Hands-Free-Automobile-Smartphones/dp/B0BZVDQX2Z/ref=sr_1_75?dib=eyJ2IjoiMSJ9.upz257qN248Bu5UxWQs0_UCZIJdylD349WMYOxv0kVul6LS9lehNWOuCPetpuPjpfwKgjREUzvymBDejCwW0RKl9ldlwxfdcwL000WcgEKsC_8jOfih56yCrPVtaHfJf3WbuM22nhWfqdREC0H9xnRmT4EsF0WYlbUP2GjGaM7pziq-uSj84dVs0l0MXTwYtqkYrWbmf9GfI1XcqlJFG4gEQycuAFBwHsexq46jdJHk.G-r57pJCwhgTqX6f3RRcNHunaYylO4k2ON4Vts05MzM&dib_tag=se&keywords=phones&qid=1733429462&sr=8-75"
"12 Ways Your Phone Is Changing You,0.,4.7,""by Tony Reinke  and John Piper | Apr 30, 2017"",https://www.amazon.com/Ways-Your-Phone-Changing-You/dp/1433552434/ref=sr_1_76?dib=eyJ2IjoiMSJ9.upz257qN248Bu5UxWQs0_UCZIJdylD349WMYOxv0kVul6LS9lehNWOuCPetpuPjpfwKgjREUzvymBDejCwW0RKl9ldlwxfdcwL000WcgEKsC_8jOfih56yCrPVtaHfJf3WbuM22nhWfqdREC0H9xnRmT4EsF0WYlbUP2GjGaM7pziq-uSj84dVs0l0MXTwYtqkYrWbmf9GfI1XcqlJFG4gEQycuAFBwHsexq46jdJHk.G-r57pJCwhgTqX6f3RRcNHunaYylO4k2ON4Vts05MzM&dib_tag=se&keywords=phones&qid=1733429462&sr=8-76"
"ESR for iPhone 14 Case/iPhone 13 Case, Compatible with MagSafe, Shockproof Military-Grade Protection, Magnetic Phone Case for iPhone 14/13, Classic Hybrid Case (HaloLock), Clear,12.,4.6,""101,632"",https://www.amazon.com/ESR-Compatible-Military-Grade-Protection-Scratch-Resistant/dp/B099JVC9HL/ref=sr_1_77?dib=eyJ2IjoiMSJ9.upz257qN248Bu5UxWQs0_UCZIJdylD349WMYOxv0kVul6LS9lehNWOuCPetpuPjpfwKgjREUzvymBDejCwW0RKl9ldlwxfdcwL000WcgEKsC_8jOfih56yCrPVtaHfJf3WbuM22nhWfqdREC0H9xnRmT4EsF0WYlbUP2GjGaM7pziq-uSj84dVs0l0MXTwYtqkYrWbmf9GfI1XcqlJFG4gEQycuAFBwHsexq46jdJHk.G-r57pJCwhgTqX6f3RRcNHunaYylO4k2ON4Vts05MzM&dib_tag=se&keywords=phones&qid=1733429462&sr=8-77"
"Sensyne 60"" Phone Tripod & Selfie Stick, Lightweight All in One Phone Tripod Integrated with Wireless Remote Compatible with All Cell Phones for Selfie/Video Recording/Photo/Live Stream/Vlog（Black）,29.,4.6,""5,353"",https://www.amazon.com/Lightweight-Integrated-Wireless-Compatible-Recording/dp/B0BD7VTXN3/ref=sr_1_78?dib=eyJ2IjoiMSJ9.upz257qN248Bu5UxWQs0_UCZIJdylD349WMYOxv0kVul6LS9lehNWOuCPetpuPjpfwKgjREUzvymBDejCwW0RKl9ldlwxfdcwL000WcgEKsC_8jOfih56yCrPVtaHfJf3WbuM22nhWfqdREC0H9xnRmT4EsF0WYlbUP2GjGaM7pziq-uSj84dVs0l0MXTwYtqkYrWbmf9GfI1XcqlJFG4gEQycuAFBwHsexq46jdJHk.G-r57pJCwhgTqX6f3RRcNHunaYylO4k2ON4Vts05MzM&dib_tag=se&keywords=phones&qid=1733429462&sr=8-78"
"LISEN Bike Phone Holder, [2024 Upgrade] Motorcycle Phone Mount, Bicycle Phone Holder, Handlebar Phone Mount, for iPhone Bike Mount, Bike Accessories, Bicycle Accessories for iPhone 4.7-7""Phone, Black,9.,4.6,""2,260"",https://www.amazon.com/LISEN-Motorcycle-Ultra-Stable-Compatible-Cellphones/dp/B0CJTGQVKC/ref=sr_1_79?dib=eyJ2IjoiMSJ9.upz257qN248Bu5UxWQs0_UCZIJdylD349WMYOxv0kVul6LS9lehNWOuCPetpuPjpfwKgjREUzvymBDejCwW0RKl9ldlwxfdcwL000WcgEKsC_8jOfih56yCrPVtaHfJf3WbuM22nhWfqdREC0H9xnRmT4EsF0WYlbUP2GjGaM7pziq-uSj84dVs0l0MXTwYtqkYrWbmf9GfI1XcqlJFG4gEQycuAFBwHsexq46jdJHk.G-r57pJCwhgTqX6f3RRcNHunaYylO4k2ON4Vts05MzM&dib_tag=se&keywords=phones&qid=1733429462&sr=8-79"
CHGeek Wireless Car Charger Phone Holder Mount, 15W Fast Charging Auto Clamping Phone Holders for Your Car Dashboard Windshield Air Vent Car Accessories for iPhone, Samsung Galaxy, Google Pixel etc,20.,4.4,625,https://www.amazon.com/CHGeek-Wireless-Dashboard-Windshield-Accessories/dp/B0D31SDL6S/ref=sr_1_80?dib=eyJ2IjoiMSJ9.upz257qN248Bu5UxWQs0_UCZIJdylD349WMYOxv0kVul6LS9lehNWOuCPetpuPjpfwKgjREUzvymBDejCwW0RKl9ldlwxfdcwL000WcgEKsC_8jOfih56yCrPVtaHfJf3WbuM22nhWfqdREC0H9xnRmT4EsF0WYlbUP2GjGaM7pziq-uSj84dVs0l0MXTwYtqkYrWbmf9GfI1XcqlJFG4gEQycuAFBwHsexq46jdJHk.G-r57pJCwhgTqX6f3RRcNHunaYylO4k2ON4Vts05MzM&dib_tag=se&keywords=phones&qid=1733429462&sr=8-80
Upgraded 360° Electric Vacuum Magnetic Suction Car Phone Mount, 360 Rotatable Magnetic Suction Phone Mount, Car Electric Suction Cup Vacuum Magnetic Phone Holder, Magnetic Phone Holder (Black),27.,Belirtilmemiş,$27.99$27.99 List: $39.99$39.99,https://www.amazon.com/loojzz-Upgraded-Electric-Magnetic-Rotatable/dp/B0DLWQQT4P/ref=sr_1_81?dib=eyJ2IjoiMSJ9.upz257qN248Bu5UxWQs0_UCZIJdylD349WMYOxv0kVul6LS9lehNWOuCPetpuPjpfwKgjREUzvymBDejCwW0RKl9ldlwxfdcwL000WcgEKsC_8jOfih56yCrPVtaHfJf3WbuM22nhWfqdREC0H9xnRmT4EsF0WYlbUP2GjGaM7pziq-uSj84dVs0l0MXTwYtqkYrWbmf9GfI1XcqlJFG4gEQycuAFBwHsexq46jdJHk.G-r57pJCwhgTqX6f3RRcNHunaYylO4k2ON4Vts05MzM&dib_tag=se&keywords=phones&qid=1733429462&sr=8-81
"Mini Flexible Tripod for Cell Phones - iPhone Tripod Stand with Wireless Remote Shutter - Fits Any Phone - Portable, Small Travel Tripod for iPhone, Android, Camera & GoPro,17.,4.4,""5,000"",https://www.amazon.com/Mini-Flexible-Tripod-Cell-Phones/dp/B0D972MDGP/ref=sr_1_82?dib=eyJ2IjoiMSJ9.upz257qN248Bu5UxWQs0_UCZIJdylD349WMYOxv0kVul6LS9lehNWOuCPetpuPjpfwKgjREUzvymBDejCwW0RKl9ldlwxfdcwL000WcgEKsC_8jOfih56yCrPVtaHfJf3WbuM22nhWfqdREC0H9xnRmT4EsF0WYlbUP2GjGaM7pziq-uSj84dVs0l0MXTwYtqkYrWbmf9GfI1XcqlJFG4gEQycuAFBwHsexq46jdJHk.G-r57pJCwhgTqX6f3RRcNHunaYylO4k2ON4Vts05MzM&dib_tag=se&keywords=phones&qid=1733429462&sr=8-82"
Ruky for iPhone 15 Pro Max Case with Stand and Privacy Screen Protector, [with Detachable Buttons] Compatible with MagSafe, Translucent Matte Magnetic Phone Case for iPhone 15 Pro Max 6.7”, Black,15.,Belirtilmemiş,$15.99$15.99,https://www.amazon.com/sspa/click?ie=UTF8&spc=MTo2NzEzNjAxOTQxODczMDIyOjE3MzM0Mjk0NjM6c3BfYnRmOjMwMDU3Mzk4Mjk1MDkwMjo6MDo6&url=%2FRuky-Protector-Detachable-Compatible-Translucent%2Fdp%2FB0DK3FCMPC%2Fref%3Dsr_1_83_sspa%3Fdib%3DeyJ2IjoiMSJ9.upz257qN248Bu5UxWQs0_UCZIJdylD349WMYOxv0kVul6LS9lehNWOuCPetpuPjpfwKgjREUzvymBDejCwW0RKl9ldlwxfdcwL000WcgEKsC_8jOfih56yCrPVtaHfJf3WbuM22nhWfqdREC0H9xnRmT4EsF0WYlbUP2GjGaM7pziq-uSj84dVs0l0MXTwYtqkYrWbmf9GfI1XcqlJFG4gEQycuAFBwHsexq46jdJHk.G-r57pJCwhgTqX6f3RRcNHunaYylO4k2ON4Vts05MzM%26dib_tag%3Dse%26keywords%3Dphones%26qid%3D1733429462%26sr%3D8-83-spons%26sp_csd%3Dd2lkZ2V0TmFtZT1zcF9idGY%26psc%3D1
Selfie Light for Phone，68 LED Phone Light with Front and Back Clips, Rechargeable Selfie Light Clip, Adjusted 3 Light Modes &10-Level Brightness for Phone, IPad, Laptop, for TikTok, Makeup,Selfie,Vlog,14.,4.7,21,https://www.amazon.com/sspa/click?ie=UTF8&spc=MTo2NzEzNjAxOTQxODczMDIyOjE3MzM0Mjk0NjM6c3BfYnRmOjMwMDU0OTc5OTg2NjIwMjo6MDo6&url=%2FPhone%25EF%25BC%258C68-Rechargeable-Adjusted-10-Level-Brightness%2Fdp%2FB0DDCDXF4Q%2Fref%3Dsr_1_84_sspa%3Fdib%3DeyJ2IjoiMSJ9.upz257qN248Bu5UxWQs0_UCZIJdylD349WMYOxv0kVul6LS9lehNWOuCPetpuPjpfwKgjREUzvymBDejCwW0RKl9ldlwxfdcwL000WcgEKsC_8jOfih56yCrPVtaHfJf3WbuM22nhWfqdREC0H9xnRmT4EsF0WYlbUP2GjGaM7pziq-uSj84dVs0l0MXTwYtqkYrWbmf9GfI1XcqlJFG4gEQycuAFBwHsexq46jdJHk.G-r57pJCwhgTqX6f3RRcNHunaYylO4k2ON4Vts05MzM%26dib_tag%3Dse%26keywords%3Dphones%26qid%3D1733429462%26sr%3D8-84-spons%26sp_csd%3Dd2lkZ2V0TmFtZT1zcF9idGY%26psc%3D1
"Bike Phone Frame Bag Bike Phone Mount Bag Bike Accessories Waterproof Top Tube Bike Phone Case with Sensitive Touch Screen Bicycle Pouch Fits Phones Under 6.7"",24.,4.0,5,https://www.amazon.comhttps://aax-us-iad.amazon.com/x/c/JDKI62SKpEcGzu9J8mKqcO0AAAGTmHKIZAEAAAH2AQBvbm9fdHhuX2JpZDcgICBvbm9fdHhuX2ltcDIgICBH_mTb/clv1_CEuOPUxokZA0iHrVf-Av2RDxWXNBTbAS688B5A2T7_wq8X9V7FXzLPw18nHE8xvWjq0yzpNb3XTPsunPNWcAIk9hLROwD8nJDEsqORl3Wmq4BJkjhEfB8IkGXHyXUSxDxK70wuIpViLTMTK9IfsDgLNgf6D-q3nhdZEJRNpsUhiYi_2DhRIgVEG2MJusK7AjRioRNNeDh8xBB386cdIOaKcBzNWz1tQoGAWUZugh0QYNsYMulremNDcyil-xxVwBHWfqObnPtRUr30EeO509Jz3lOVCbozbBIv-27fDFCrQSEkm_1uS-9AqaewyGIraJHZ1mNo8OP7XzmLbJIdCZBphT-O20MFNSxmMm_LUApF_RWE59A2ncxCo/https://www.amazon.com/cnejucw-Accessories-Waterproof-Sensitive-Bicycle/dp/B0D6NH9MHR/ref=sxbs_sbv_search_btf?content-id=amzn1.sym.805ca70d-e057-4820-b9b3-729eee71f8a9%3Aamzn1.sym.805ca70d-e057-4820-b9b3-729eee71f8a9&cv_ct_cx=phones&keywords=phones&pd_rd_i=B0D6NH9MHR&pd_rd_r=76fd29eb-f07a-4689-9061-703094961dd8&pd_rd_w=K288l&pd_rd_wg=ExpuI&pf_rd_p=805ca70d-e057-4820-b9b3-729eee71f8a9&pf_rd_r=0CYXHM93CNRDXV0DK1J1&qid=1733429462&sbo=RZvfv%2F%2FHxDF%2BO5021pAnSA%3D%3D&sr=1-65-48f7baba-8e26-45f3-8811-e1a601ad20bf"
